0,42000,0,0,0,3.0807,0,0,3.0807,0,42003,0,0,0,3.0807,0,0,3.0807,0,42000,2.8284,0,0,3.0807,0,0,3.0807,0,42000,0,2.8284,0,3.0807,0,0,3.0807,0,42000,0,0,0.0028284,3.0807,0,0.0028284,3.0807,0,42000,0,0,0,3.0835,0,0,3.0835,0,42000,0,0,0,3.0807,0.0028284,0,3.0807,0.0028284,41997,0,0,0,3.0807,0,0,3.0807,0,42000,-2.8284,0,0,3.0807,0,0,3.0807,0,42000,0,-2.8284,0,3.0807,0,0,3.0807,0,42000,0,0,-0.0028284,3.0807,0,-0.0028284,3.0807,0,42000,0,0,0,3.0778,0,0,3.0778,0,42000,0,0,0,3.0807,-0.0028284,0,3.0807,-0.0028284,1,0,0,0,0,0,1,0,0,0,0,1,0,0,0,1e-06,0,0,1e-06,0,1e-06
5.3123e+08,41483,6570.3,0.0029431,-0.48192,3.0427,2.8048e-06,-0.48192,3.0427,2.8048e-06,41486,6570.2,0.002943,-0.48191,3.0427,2.8048e-06,-0.48191,3.0427,2.8048e-06,41483,6573.1,0.0029429,-0.48192,3.0427,2.8048e-06,-0.48192,3.0427,2.8048e-06,41483,6570.3,2.8793,-0.48192,3.0427,8.7981e-06,-0.48192,3.0427,8.7981e-06,41489,6570.3,0.0029434,-0.47902,3.0428,2.805e-06,-0.47902,3.0428,2.805e-06,41483,6576.3,0.0029434,-0.48191,3.0455,2.805e-06,-0.48191,3.0455,2.805e-06,41483,6570.3,5.9962,-0.48192,3.0427,0.0027966,-0.48192,3.0427,0.0027966,41480,6570.3,0.0029433,-0.48193,3.0427,2.8048e-06,-0.48193,3.0427,2.8048e-06,41483,6567.4,0.0029433,-0.48192,3.0427,2.8048e-06,-0.48192,3.0427,2.8048e-06,41483,6570.3,-2.8734,-0.48192,3.0427,-3.1885e-06,-0.48192,3.0427,-3.1885e-06,41477,6570.2,0.0029429,-0.48482,3.0427,2.8046e-06,-0.48482,3.0427,2.8046e-06,41483,6564.3,0.0029428,-0.48193,3.0399,2.8046e-06,-0.48193,3.0399,2.8046e-06,41483,6570.3,-5.9903,-0.48192,3.0427,-0.002791,-0.48192,3.0427,-0.002791,5.7111,0.01275,3.0914e-07,0.002235,1.312e-05,2.3214e-10,5.5252,3.2659e-07,1.3002e-05,0.0020966,2.4308e-10,5.5241,2.3232e-10,2.4331e-10,0.0020951,1.0498e-06,7.7705e-09,1.2347e-13,9.7657e-07,1.2701e-13,9.7566e-07
5.3123e+08,39944,12979,0.012205,-0.95197,2.9299,5.8781e-06,-0.95197,2.9299,5.8781e-06,39947,12979,0.012204,-0.95196,2.9299,5.8781e-06,-0.95196,2.9299,5.8781e-06,39944,12982,0.012204,-0.95197,2.9299,5.8781e-06,-0.95197,2.9299,5.8781e-06,39944,12979,3.0374,-0.95197,2.9299,1.7713e-05,-0.95197,2.9299,1.7713e-05,39957,12979,0.012206,-0.94888,2.93,5.8788e-06,-0.94888,2.93,5.8788e-06,39945,12991,0.012206,-0.95189,2.9326,5.8788e-06,-0.95189,2.9326,5.8788e-06,39944,12979,11.848,-0.95197,2.9299,0.0026966,-0.95197,2.9299,0.0026966,39942,12979,0.012206,-0.95198,2.9299,5.8781e-06,-0.95198,2.9299,5.8781e-06,39944,12976,0.012206,-0.95197,2.9299,5.8781e-06,-0.95197,2.9299,5.8781e-06,39944,12979,-3.013,-0.95197,2.9299,-5.9573e-06,-0.95197,2.9299,-5.9573e-06,39932,12979,0.012204,-0.95507,2.9298,5.8774e-06,-0.95507,2.9298,5.8774e-06,39944,12967,0.012204,-0.95206,2.9272,5.8774e-06,-0.95206,2.9272,5.8774e-06,39944,12979,-11.823,-0.95197,2.9299,-0.0026849,-0.95197,2.9299,-0.0026849,20.736,0.31228,3.5767e-06,0.0048814,0.00017637,1.591e-09,18.711,3.6212e-06,0.00017206,0.0040245,1.5608e-09,18.654,1.593e-09,1.5699e-09,0.0039852,1.1979e-06,6.19e-08,5.2997e-13,9.1964e-07,4.9876e-13,9.0502e-07
5.3124e+08,37422,19068,0.02821,-1.3986,2.7449,9.0789e-06,-1.3986,2.7449,9.0789e-06,37425,19067,0.028209,-1.3986,2.7449,9.0789e-06,-1.3986,2.7449,9.0789e-06,37422,19071,0.028209,-1.3986,2.7449,9.0789e-06,-1.3986,2.7449,9.0789e-06,37422,19068,3.3202,-1.3986,2.7449,2.6457e-05,-1.3986,2.7449,2.6457e-05,37442,19068,0.028214,-1.3952,2.7452,9.0807e-06,-1.3952,2.7452,9.0807e-06,37423,19085,0.028215,-1.3983,2.7475,9.0806e-06,-1.3983,2.7475,9.0806e-06,37422,19068,17.406,-1.3986,2.7449,0.0025309,-1.3986,2.7449,0.0025309,37420,19068,0.028212,-1.3986,2.7449,9.0789e-06,-1.3986,2.7449,9.0789e-06,37423,19064,0.028212,-1.3986,2.7449,9.0789e-06,-1.3986,2.7449,9.0789e-06,37422,19068,-3.2638,-1.3986,2.7449,-8.2989e-06,-1.3986,2.7449,-8.2989e-06,37403,19067,0.028206,-1.402,2.7446,9.0771e-06,-1.402,2.7446,9.0771e-06,37422,19050,0.028206,-1.3989,2.7423,9.0772e-06,-1.3989,2.7423,9.0772e-06,37422,19068,-17.35,-1.3986,2.7449,-0.0025128,-1.3986,2.7449,-0.0025128,48.626,2.208,1.781e-05,0.0082943,0.00085492,5.7079e-09,39.725,1.6959e-05,0.00081305,0.0057703,5.1238e-09,39.103,5.6804e-09,5.214e-09,0.0054852,1.4402e-06,2.0781e-07,1.364e-12,8.6927e-07,1.1533e-12,7.95e-07
5.3124e+08,33979,24687,0.051079,-1.8108,2.4923,1.2263e-05,-1.8108,2.4923,1.2263e-05,33981,24687,0.051076,-1.8107,2.4923,1.2263e-05,-1.8107,2.4923,1.2263e-05,33978,24691,0.051075,-1.8108,2.4924,1.2263e-05,-1.8108,2.4924,1.2263e-05,33979,24687,3.7629,-1.8108,2.4923,3.474e-05,-1.8108,2.4923,3.474e-05,34006,24688,0.051088,-1.807,2.493,1.2267e-05,-1.807,2.493,1.2267e-05,33980,24710,0.051089,-1.8101,2.4949,1.2266e-05,-1.8101,2.4949,1.2266e-05,33979,24687,22.528,-1.8108,2.4923,0.0023036,-1.8108,2.4923,0.0023036,33976,24688,0.051081,-1.8108,2.4923,1.2263e-05,-1.8108,2.4923,1.2263e-05,33979,24684,0.051082,-1.8108,2.4923,1.2263e-05,-1.8108,2.4923,1.2263e-05,33979,24687,-3.6607,-1.8108,2.4923,-1.0213e-05,-1.8108,2.4923,-1.0213e-05,33952,24686,0.051069,-1.8145,2.4917,1.226e-05,-1.8145,2.4917,1.226e-05,33977,24664,0.051069,-1.8114,2.4897,1.226e-05,-1.8114,2.4897,1.226e-05,33979,24687,-22.425,-1.8108,2.4923,-0.0022791,-1.8108,2.4923,-0.0022791,93.234,8.9293,6.0022e-05,0.012715,0.0026389,1.5418e-08,68.264,5.388e-05,0.0024205,0.0076164,1.28e-08,64.871,1.5018e-08,1.325e-08,0.0064482,1.7665e-06,4.8986e-07,2.8897e-12,8.9394e-07,2.2879e-12,6.5637e-07
5.3124e+08,29699,29699,0.080619,-2.1783,2.1784,1.5287e-05,-2.1783,2.1784,1.5287e-05,29701,29698,0.080615,-2.1783,2.1784,1.5287e-05,-2.1783,2.1784,1.5287e-05,29698,29702,0.080612,-2.1783,2.1784,1.5287e-05,-2.1783,2.1784,1.5287e-05,29699,29699,4.4336,-2.1783,2.1784,4.2278e-05,-2.1783,2.1784,4.2278e-05,29734,29702,0.080638,-2.1743,2.1795,1.5293e-05,-2.1743,2.1795,1.5293e-05,29702,29727,0.08064,-2.1772,2.1811,1.5293e-05,-2.1772,2.1811,1.5293e-05,29699,29699,27.072,-2.1783,2.1784,0.0020205,-2.1783,2.1784,0.0020205,29696,29700,0.080624,-2.1784,2.1784,1.5287e-05,-2.1784,2.1784,1.5287e-05,29700,29695,0.080626,-2.1783,2.1784,1.5287e-05,-2.1783,2.1784,1.5287e-05,29699,29699,-4.2724,-2.1783,2.1784,-1.1705e-05,-2.1783,2.1784,-1.1705e-05,29663,29696,0.080601,-2.1823,2.1773,1.5281e-05,-2.1823,2.1773,1.5281e-05,29695,29670,0.080598,-2.1795,2.1757,1.5281e-05,-2.1795,2.1757,1.5281e-05,29699,29699,-26.911,-2.1783,2.1784,-0.0019899,-2.1783,2.1784,-0.0019899,159.09,26.299,0.00016177,0.018205,0.0063192,3.5521e-08,106.09,0.00014006,0.0055265,0.010266,2.8356e-08,93.435,3.3118e-08,2.9792e-08,0.00678,2.1521e-06,9.4964e-07,5.4687e-12,1.0966e-06,4.3872e-12,5.0269e-07
5.3124e+08,24687,33979,0.11634,-2.4923,1.8108,1.801e-05,-2.4923,1.8108,1.801e-05,24690,33978,0.11633,-2.4922,1.8108,1.801e-05,-2.4922,1.8108,1.801e-05,24686,33983,0.11632,-2.4923,1.8109,1.801e-05,-2.4923,1.8109,1.801e-05,24687,33979,5.4718,-2.4923,1.8108,4.8788e-05,-2.4923,1.8108,4.8788e-05,24731,33984,0.11637,-2.4881,1.8126,1.802e-05,-2.4881,1.8126,1.802e-05,24695,34014,0.11638,-2.4905,1.814,1.802e-05,-2.4905,1.814,1.802e-05,24687,33979,30.895,-2.4923,1.8108,0.0016887,-2.4923,1.8108,0.0016887,24684,33981,0.11634,-2.4923,1.8108,1.801e-05,-2.4923,1.8108,1.801e-05,24689,33975,0.11635,-2.4923,1.8108,1.801e-05,-2.4923,1.8108,1.801e-05,24687,33979,-5.2392,-2.4923,1.8108,-1.2769e-05,-2.4923,1.8108,-1.2769e-05,24643,33974,0.11631,-2.4964,1.8091,1.8e-05,-2.4964,1.8091,1.8e-05,24679,33944,0.1163,-2.494,1.8077,1.7999e-05,-2.494,1.8077,1.7999e-05,24687,33979,-30.662,-2.4923,1.8108,-0.0016527,-2.4923,1.8108,-0.0016527,250.41,63.084,0.00037578,0.024542,0.012841,7.3522e-08,159.09,0.00032522,0.010572,0.014959,5.9327e-08,122,6.3898e-08,6.2527e-08,0.0064482,2.5443e-06,1.6161e-06,9.5047e-12,1.6253e-06,8.3864e-12,3.4901e-07
5.3125e+08,19068,37423,0.15745,-2.7448,1.3987,2.0299e-05,-2.7448,1.3987,2.0299e-05,19072,37421,0.15744,-2.7448,1.3987,2.0299e-05,-2.7448,1.3987,2.0299e-05,19066,37427,0.15742,-2.7448,1.3987,2.0299e-05,-2.7448,1.3987,2.0299e-05,19068,37423,7.1993,-2.7448,1.3987,5.3952e-05,-2.7448,1.3987,5.3952e-05,19120,37432,0.1575,-2.7408,1.4012,2.0313e-05,-2.7408,1.4012,2.0313e-05,19082,37465,0.15752,-2.7424,1.4026,2.0316e-05,-2.7424,1.4026,2.0316e-05,19068,37423,33.811,-2.7448,1.3987,0.0013172,-2.7448,1.3987,0.0013172,19064,37425,0.15746,-2.7449,1.3987,2.0298e-05,-2.7449,1.3987,2.0298e-05,19070,37419,0.15747,-2.7449,1.3986,2.0298e-05,-2.7449,1.3986,2.0298e-05,19068,37423,-6.8844,-2.7448,1.3987,-1.3355e-05,-2.7448,1.3987,-1.3355e-05,19016,37414,0.1574,-2.7489,1.3962,2.0284e-05,-2.7489,1.3962,2.0284e-05,19054,37380,0.15737,-2.7473,1.3948,2.0281e-05,-2.7473,1.3948,2.0281e-05,19068,37423,-33.496,-2.7448,1.3987,-0.0012766,-2.7448,1.3987,-0.0012766,369.64,130.82,0.00078192,0.03109,0.023192,1.4014e-07,239.8,0.00070337,0.017704,0.023578,1.1972e-07,147.77,1.1029e-07,1.244e-07,0.0054852,2.8503e-06,2.481e-06,1.531e-11,2.6811e-06,1.5886e-11,2.1038e-07
5.3125e+08,12979,39945,0.20288,-2.9298,0.95207,2.203e-05,-2.9298,0.95207,2.203e-05,12985,39942,0.20286,-2.9298,0.9521,2.203e-05,-2.9298,0.9521,2.203e-05,12976,39949,0.20283,-2.9298,0.95213,2.203e-05,-2.9298,0.95213,2.203e-05,12979,39945,10.522,-2.9298,0.95207,5.7233e-05,-2.9298,0.95207,5.7233e-05,13039,39958,0.20295,-2.9261,0.95521,2.205e-05,-2.9261,0.95521,2.205e-05,13002,39998,0.20301,-2.9267,0.9572,2.2059e-05,-2.9267,0.9572,2.2059e-05,12979,39945,35.406,-2.9298,0.95207,0.00091739,-2.9298,0.95207,0.00091739,12973,39948,0.2029,-2.9299,0.95205,2.203e-05,-2.9299,0.95205,2.203e-05,12982,39941,0.20292,-2.9298,0.95202,2.203e-05,-2.9298,0.95202,2.203e-05,12979,39945,-10.116,-2.9298,0.95207,-1.3173e-05,-2.9298,0.95207,-1.3173e-05,12920,39932,0.20281,-2.9335,0.94894,2.201e-05,-2.9335,0.94894,2.201e-05,12956,39892,0.20275,-2.933,0.94695,2.2002e-05,-2.933,0.94695,2.2002e-05,12979,39945,-35,-2.9298,0.95207,-0.00087333,-2.9298,0.95207,-0.00087333,515.36,242.74,0.0014895,0.036657,0.038168,2.4911e-07,370.34,0.0014435,0.026457,0.038718,2.3365e-07,168.22,1.7182e-07,2.353e-07,0.0039853,2.9402e-06,3.4576e-06,2.2815e-11,4.5109e-06,2.9393e-11,1.0036e-07
5.3125e+08,6570.8,41484,0.25132,-3.0427,0.48205,2.3093e-05,-3.0427,0.48205,2.3093e-05,6579.7,41480,0.25129,-3.0426,0.48208,2.3093e-05,-3.0426,0.48208,2.3093e-05,6566.8,41488,0.25122,-3.0426,0.48211,2.3093e-05,-3.0426,0.48211,2.3093e-05,6570.8,41484,18.957,-3.0427,0.48205,5.6272e-05,-3.0427,0.48205,5.6272e-05,6635.1,41500,0.25141,-3.0397,0.48558,2.3118e-05,-3.0397,0.48558,2.3118e-05,6605.4,41550,0.25156,-3.0391,0.48886,2.3138e-05,-3.0391,0.48886,2.3138e-05,6570.8,41484,33.431,-3.0427,0.48205,0.00050962,-3.0427,0.48205,0.00050962,6561.8,41488,0.25136,-3.0427,0.48201,2.3093e-05,-3.0427,0.48201,2.3093e-05,6574.7,41480,0.25143,-3.0427,0.48198,2.3093e-05,-3.0427,0.48198,2.3093e-05,6570.8,41484,-18.455,-3.0427,0.48205,-1.0086e-05,-3.0427,0.48205,-1.0086e-05,6506.4,41468,0.25124,-3.0457,0.47851,2.3067e-05,-3.0457,0.47851,2.3067e-05,6536.1,41418,0.25109,-3.0462,0.47523,2.3048e-05,-3.0462,0.47523,2.3048e-05,6570.8,41484,-32.928,-3.0427,0.48205,-0.00046343,-3.0427,0.48205,-0.00046343,679.72,411.19,0.0026314,0.03945,0.057974,4.1537e-07,585.38,0.0028322,0.035307,0.063619,4.3979e-07,181.35,2.4083e-07,4.2346e-07,0.0020954,2.6812e-06,4.3333e-06,3.1037e-11,7.3686e-06,5.2478e-11,2.9726e-08
5.3125e+08,0.6792,42001,0.30124,-3.0806,0.00015547,2.3391e-05,-3.0806,0.00015547,2.3391e-05,16.183,41996,0.30113,-3.0805,0.00020357,2.3392e-05,-3.0805,0.00020357,2.3392e-05,-4.5498,42005,0.301,-3.0806,0.00023969,2.3392e-05,-3.0806,0.00023969,2.3392e-05,0.67909,42001,38.863,-3.0806,0.00015547,2.3404e-05,-3.0806,0.00015547,2.3404e-05,65.394,42020,0.30142,-3.0786,0.0036238,2.342e-05,-3.0786,0.0036238,2.342e-05,48.78,42085,0.30182,-3.0771,0.0090689,2.3459e-05,-3.0771,0.0090689,2.3459e-05,0.67969,42001,0.3139,-3.0806,0.00015554,0.00023085,-3.0806,0.00015554,0.00023085,-14.825,42006,0.30136,-3.0807,0.00010737,2.3391e-05,-3.0807,0.00010737,2.3391e-05,5.9082,41997,0.30149,-3.0806,7.1258e-05,2.3391e-05,-3.0806,7.1258e-05,2.3391e-05,0.67932,42001,-38.26,-3.0806,0.00015547,2.3379e-05,-3.0806,0.00015547,2.3379e-05,-64.035,41983,0.30106,-3.0826,-0.0033128,2.3363e-05,-3.0826,-0.0033128,2.3363e-05,-47.421,41917,0.30066,-3.0841,-0.008758,2.3324e-05,-3.0841,-0.008758,2.3324e-05,0.67872,42001,0.28859,-3.0806,0.0001554,-0.00018407,-3.0806,0.0001554,-0.00018407,846.17,642.98,0.0043408,0.037253,0.081687,6.5058e-07,934.34,0.0053286,0.041121,0.10184,7.9578e-07,185.87,2.9687e-07,7.2585e-07,3.8923e-07,2.0109e-06,4.7377e-06,3.7298e-11,1.1436e-05,8.9672e-11,5.38e-09
5.3125e+08,-6569.4,41484,0.35091,-3.0427,-0.48173,2.2847e-05,-3.0427,-0.48173,2.2847e-05,-6536.3,41477,0.35087,-3.0426,-0.48167,2.2848e-05,-3.0426,-0.48167,2.2848e-05,-6576.5,41488,0.35077,-3.0426,-0.48163,2.2848e-05,-3.0426,-0.48163,2.2848e-05,-6569.4,41484,19.062,-3.0427,-0.48173,-1.033e-05,-3.0427,-0.48173,-1.033e-05,-6516.6,41503,0.35129,-3.0417,-0.479,2.287e-05,-3.0417,-0.479,2.287e-05,-6506.4,41591,0.35194,-3.0399,-0.4705,2.2941e-05,-3.0399,-0.4705,2.2941e-05,-6569.4,41484,-32.826,-3.0427,-0.48173,0.00050922,-3.0427,-0.48173,0.00050922,-6602.5,41492,0.35095,-3.0427,-0.4818,2.2846e-05,-3.0427,-0.4818,2.2846e-05,-6562.3,41481,0.35105,-3.0427,-0.48184,2.2846e-05,-3.0427,-0.48184,2.2846e-05,-6569.4,41484,-18.36,-3.0427,-0.48173,5.6023e-05,-3.0427,-0.48173,5.6023e-05,-6622.2,41466,0.35053,-3.0436,-0.48446,2.2823e-05,-3.0436,-0.48446,2.2823e-05,-6632.4,41378,0.34988,-3.0454,-0.49297,2.2753e-05,-3.0454,-0.49297,2.2753e-05,-6569.4,41484,33.528,-3.0427,-0.48173,-0.00046353,-3.0427,-0.48173,-0.00046353,988.67,932.31,0.0067015,0.027977,0.10671,9.5488e-07,1481.4,0.0096254,0.038645,0.15655,1.3808e-06,181.35,2.9905e-07,1.1865e-06,-0.0020946,1.0439e-06,4.1568e-06,3.6308e-11,1.6712e-05,1.4584e-10,2.9707e-08
5.3126e+08,-12978,39946,0.39845,-2.9298,-0.95175,2.1399e-05,-2.9298,-0.95175,2.1399e-05,-12930,39943,0.39858,-2.9298,-0.95168,2.14e-05,-2.9298,-0.95168,2.14e-05,-12981,39949,0.39836,-2.9298,-0.95162,2.14e-05,-2.9298,-0.95162,2.14e-05,-12978,39946,10.72,-2.9298,-0.95175,-1.3804e-05,-2.9298,-0.95175,-1.3804e-05,-12995,39961,0.39867,-2.9295,-0.95058,2.1407e-05,-2.9295,-0.95058,2.1407e-05,-12900,40081,0.39985,-2.9287,-0.93827,2.1523e-05,-2.9287,-0.93827,2.1523e-05,-12978,39946,-34.805,-2.9298,-0.95175,0.00091659,-2.9298,-0.95175,0.00091659,-13026,39950,0.39832,-2.9298,-0.95183,2.1398e-05,-2.9298,-0.95183,2.1398e-05,-12974,39944,0.39855,-2.9298,-0.95189,2.1397e-05,-2.9298,-0.95189,2.1397e-05,-12978,39946,-9.9226,-2.9298,-0.95175,5.6602e-05,-2.9298,-0.95175,5.6602e-05,-12961,39932,0.39824,-2.9301,-0.95293,2.1391e-05,-2.9301,-0.95293,2.1391e-05,-13055,39812,0.39705,-2.931,-0.96524,2.1274e-05,-2.931,-0.96524,2.1274e-05,-12978,39946,35.602,-2.9298,-0.95175,-0.00087379,-2.9298,-0.95175,-0.00087379,1074.2,1252,0.0096573,0.010642,0.12847,1.3051e-06,2301.3,0.016704,0.020298,0.22937,2.2939e-06,168.22,1.7698e-07,1.8503e-06,-0.0039846,1.8199e-07,2.0179e-06,1.9449e-11,2.2896e-05,2.2485e-10,1.0032e-07
5.3126e+08,-19067,37425,0.44189,-2.7449,-1.3983,1.9009e-05,-2.7449,-1.3983,1.9009e-05,-19043,37427,0.442,-2.7449,-1.3983,1.901e-05,-2.7449,-1.3983,1.901e-05,-19064,37427,0.44184,-2.7449,-1.3982,1.9012e-05,-2.7449,-1.3982,1.9012e-05,-19067,37425,7.4849,-2.7449,-1.3983,-1.4645e-05,-2.7449,-1.3983,-1.4645e-05,-19123,37411,0.44175,-2.7443,-1.3994,1.8992e-05,-2.7443,-1.3994,1.8992e-05,-18997,37591,0.44367,-2.7459,-1.3831,1.9166e-05,-2.7459,-1.3831,1.9166e-05,-19067,37425,-33.212,-2.7449,-1.3983,0.0013157,-2.7449,-1.3983,0.0013157,-19091,37423,0.44178,-2.7448,-1.3984,1.9008e-05,-2.7448,-1.3984,1.9008e-05,-19069,37422,0.44194,-2.7448,-1.3985,1.9007e-05,-2.7448,-1.3985,1.9007e-05,-19067,37425,-6.6011,-2.7449,-1.3983,5.2664e-05,-2.7449,-1.3983,5.2664e-05,-19010,37438,0.44202,-2.7454,-1.3973,1.9027e-05,-2.7454,-1.3973,1.9027e-05,-19136,37259,0.44011,-2.7438,-1.4136,1.8852e-05,-2.7438,-1.4136,1.8852e-05,-19067,37425,34.096,-2.7449,-1.3983,-0.0012777,-2.7449,-1.3983,-0.0012777,1070.2,1544.5,0.012875,-0.013314,0.14064,1.6408e-06,3470.3,0.027857,-0.023453,0.31893,3.644e-06,147.78,-1.7771e-07,2.7515e-06,-0.0054845,1.8274e-07,-2.1468e-06,-2.5302e-11,2.9317e-05,3.2762e-10,2.1032e-07
5.3126e+08,-24686,33982,0.47919,-2.4923,-1.8105,1.5662e-05,-2.4923,-1.8105,1.5662e-05,-24671,33986,0.47928,-2.4924,-1.8104,1.5663e-05,-2.4924,-1.8104,1.5663e-05,-24682,33985,0.47916,-2.4924,-1.8103,1.5665e-05,-2.4924,-1.8103,1.5665e-05,-24686,33982,5.8354,-2.4923,-1.8105,-1.5118e-05,-2.4923,-1.8105,-1.5118e-05,-24756,33926,0.47861,-2.4906,-1.8143,1.5607e-05,-2.4906,-1.8143,1.5607e-05,-24635,34175,0.48132,-2.4961,-1.7942,1.5851e-05,-2.4961,-1.7942,1.5851e-05,-24686,33982,-30.301,-2.4923,-1.8105,0.0016861,-2.4923,-1.8105,0.0016861,-24700,33978,0.47909,-2.4922,-1.8105,1.5662e-05,-2.4922,-1.8105,1.5662e-05,-24690,33978,0.47921,-2.4923,-1.8107,1.566e-05,-2.4923,-1.8107,1.566e-05,-24686,33982,-4.8771,-2.4923,-1.8105,4.6442e-05,-2.4923,-1.8105,4.6442e-05,-24616,34038,0.47976,-2.494,-1.8067,1.5718e-05,-2.494,-1.8067,1.5718e-05,-24737,33789,0.47705,-2.4885,-1.8268,1.5474e-05,-2.4885,-1.8268,1.5474e-05,-24686,33982,31.259,-2.4923,-1.8105,-0.0016548,-2.4923,-1.8105,-0.0016548,957.88,1716.6,0.015564,-0.038704,0.13624,1.8528e-06,5049.2,0.044654,-0.10286,0.41943,5.5308e-06,122.01,-9.1582e-07,3.8943e-06,-0.0064477,2.1353e-06,-8.4815e-06,-1.1227e-10,3.495e-05,4.4972e-10,3.4892e-07
5.3126e+08,-29697,29702,0.50829,-2.1784,-2.1781,1.1366e-05,-2.1784,-2.1781,1.1366e-05,-29688,29706,0.50838,-2.1785,-2.178,1.1367e-05,-2.1785,-2.178,1.1367e-05,-29693,29707,0.5083,-2.1785,-2.1779,1.137e-05,-2.1785,-2.1779,1.137e-05,-29697,29702,4.8618,-2.1784,-2.1781,-1.5627e-05,-2.1784,-2.1781,-1.5627e-05,-29770,29593,0.50712,-2.1745,-2.1846,1.126e-05,-2.1745,-2.1846,1.126e-05,-29673,29914,0.51074,-2.185,-2.1618,1.1581e-05,-2.185,-2.1618,1.1581e-05,-29697,29702,-26.485,-2.1784,-2.1781,0.0020163,-2.1784,-2.1781,0.0020163,-29707,29698,0.50821,-2.1783,-2.1781,1.1366e-05,-2.1783,-2.1781,1.1366e-05,-29702,29697,0.50829,-2.1783,-2.1783,1.1363e-05,-2.1783,-2.1783,1.1363e-05,-29697,29702,-3.8452,-2.1784,-2.1781,3.836e-05,-2.1784,-2.1781,3.836e-05,-29625,29811,0.50947,-2.1823,-2.1715,1.1473e-05,-2.1823,-2.1715,1.1473e-05,-29722,29491,0.50585,-2.1718,-2.1944,1.1151e-05,-2.1718,-2.1944,1.1151e-05,-29697,29702,27.502,-2.1784,-2.1781,-0.0019936,-2.1784,-2.1781,-0.0019936,750.4,1639.6,0.016277,-0.055711,0.10948,1.7786e-06,7063,0.068792,-0.22673,0.51965,8.0146e-06,93.449,-2.2259e-06,5.2275e-06,-0.0067797,7.3066e-06,-1.6589e-05,-2.5551e-10,3.8569e-05,5.7929e-10,5.0257e-07
5.3126e+08,-33978,24691,0.52722,-1.8109,-2.492,6.1563e-06,-1.8109,-2.492,6.1563e-06,-33971,24695,0.5273,-1.8109,-2.492,6.1565e-06,-1.8109,-2.492,6.1565e-06,-33974,24697,0.52724,-1.811,-2.4918,6.1605e-06,-1.811,-2.4918,6.1605e-06,-33978,24691,4.2395,-1.8109,-2.492,-1.6323e-05,-1.8109,-2.492,-1.6323e-05,-34041,24522,0.52525,-1.8036,-2.5011,5.9858e-06,-1.8036,-2.5011,5.9858e-06,-33985,24908,0.52987,-1.8199,-2.4768,6.3868e-06,-1.8199,-2.4768,6.3868e-06,-33978,24691,-21.952,-1.8109,-2.492,0.0022973,-1.8109,-2.492,0.0022973,-33985,24687,0.52713,-1.8108,-2.492,6.1561e-06,-1.8108,-2.492,6.1561e-06,-33982,24685,0.52719,-1.8107,-2.4922,6.152e-06,-1.8107,-2.4922,6.152e-06,-33978,24691,-3.1851,-1.8109,-2.492,2.8635e-05,-1.8109,-2.492,2.8635e-05,-33915,24861,0.52918,-1.8182,-2.483,6.3268e-06,-1.8182,-2.483,6.3268e-06,-33971,24475,0.52456,-1.8018,-2.5072,5.9258e-06,-1.8018,-2.5072,5.9258e-06,-33978,24691,23.006,-1.8109,-2.492,-0.002285,-1.8109,-2.492,-0.002285,512.92,1161.7,0.012741,-0.05001,0.05843,1.2133e-06,9476.8,0.10183,-0.39962,0.60309,1.1078e-05,64.886,-4.3155e-06,6.6171e-06,-0.0064482,1.6857e-05,-2.5388e-05,-4.6468e-10,3.9028e-05,6.962e-10,6.5623e-07
5.3127e+08,-37422,19073,0.53405,-1.3988,-2.7446,9.5196e-08,-1.3988,-2.7446,9.5196e-08,-37417,19076,0.53413,-1.3988,-2.7447,9.4859e-08,-1.3988,-2.7447,9.4859e-08,-37418,19080,0.53411,-1.399,-2.7444,1.001e-07,-1.399,-2.7444,1.001e-07,-37422,19073,3.8264,-1.3988,-2.7446,-1.7286e-05,-1.3988,-2.7446,-1.7286e-05,-37460,18838,0.53112,-1.387,-2.7553,-1.4756e-07,-1.387,-2.7553,-1.4756e-07,-37461,19278,0.53675,-1.4094,-2.7316,3.255e-07,-1.4094,-2.7316,3.255e-07,-37422,19073,-16.847,-1.3988,-2.7446,0.0025217,-1.3988,-2.7446,0.0025217,-37426,19069,0.53398,-1.3987,-2.7446,9.5533e-08,-1.3987,-2.7446,9.5533e-08,-37425,19065,0.534,-1.3985,-2.7448,9.0296e-08,-1.3985,-2.7448,9.0296e-08,-37422,19073,-2.7583,-1.3988,-2.7446,1.7476e-05,-1.3988,-2.7446,1.7476e-05,-37383,19307,0.53699,-1.4105,-2.7339,3.3795e-07,-1.4105,-2.7339,3.3795e-07,-37383,18867,0.53136,-1.3881,-2.7577,-1.3511e-07,-1.3881,-2.7577,-1.3511e-07,-37422,19073,17.915,-1.3988,-2.7446,-0.0025215,-1.3988,-2.7446,-0.0025215,379.09,130.79,0.0017892,-0.0043283,-0.012241,-6.0382e-08,12176,0.14478,-0.61881,0.64958,1.4589e-05,39.117,-7.3752e-06,7.8237e-06,-0.0054856,3.1465e-05,-3.3129e-05,-7.4007e-10,3.5631e-05,7.7326e-10,7.9485e-07
5.3127e+08,-39944,12984,0.52708,-0.95219,-2.9297,-6.7233e-06,-0.95219,-2.9297,-6.7233e-06,-39941,12986,0.52714,-0.95219,-2.9297,-6.7244e-06,-0.95219,-2.9297,-6.7244e-06,-39942,12992,0.52716,-0.95249,-2.9295,-6.7179e-06,-0.95249,-2.9295,-6.7179e-06,-39944,12984,3.5526,-0.95219,-2.9297,-1.8562e-05,-0.95219,-2.9297,-1.8562e-05,-39941,12687,0.52303,-0.93533,-2.9408,-7.0408e-06,-0.93533,-2.9408,-7.0408e-06,-40011,13160,0.52957,-0.96329,-2.9194,-6.5131e-06,-0.96329,-2.9194,-6.5131e-06,-39944,12984,-11.312,-0.95219,-2.9297,0.0026838,-0.95219,-2.9297,0.0026838,-39948,12982,0.52702,-0.95219,-2.9296,-6.7222e-06,-0.95219,-2.9296,-6.7222e-06,-39946,12976,0.52701,-0.95189,-2.9298,-6.7287e-06,-0.95189,-2.9298,-6.7287e-06,-39944,12984,-2.4984,-0.95219,-2.9297,5.1157e-06,-0.95219,-2.9297,5.1157e-06,-39947,13282,0.53113,-0.96905,-2.9186,-6.4058e-06,-0.96905,-2.9186,-6.4058e-06,-39878,12808,0.5246,-0.94109,-2.9399,-6.9335e-06,-0.94109,-2.9399,-6.9335e-06,-39944,12984,12.366,-0.95219,-2.9297,-0.0026972,-0.95219,-2.9297,-0.0026972,557.54,-1570.4,-0.020522,0.098423,-0.089199,-2.2185e-06,14959,0.19757,-0.87202,0.63852,1.8271e-05,18.664,-1.1525e-05,8.4951e-06,-0.0039861,5.0957e-05,-3.761e-05,-1.0678e-09,2.8507e-05,7.803e-10,9.0487e-07
5.3127e+08,-41483,6576.2,0.50481,-0.48218,-3.0426,-1.4173e-05,-0.48218,-3.0426,-1.4173e-05,-41481,6577.2,0.50485,-0.48212,-3.0426,-1.4175e-05,-0.48212,-3.0426,-1.4175e-05,-41482,6585.2,0.5049,-0.48253,-3.0424,-1.4167e-05,-0.48253,-3.0424,-1.4167e-05,-41483,6576.2,3.3814,-0.48218,-3.0426,-2.017e-05,-0.48218,-3.0426,-2.017e-05,-41423,6224.4,0.49955,-0.45997,-3.0525,-1.4559e-05,-0.45997,-3.0525,-1.4559e-05,-41567,6704.6,0.50677,-0.49213,-3.0354,-1.4004e-05,-0.49213,-3.0354,-1.4004e-05,-41483,6576.2,-5.4925,-0.48218,-3.0426,0.0027794,-0.48218,-3.0426,0.0027794,-41486,6575.1,0.50476,-0.48224,-3.0425,-1.4171e-05,-0.48224,-3.0425,-1.4171e-05,-41484,6567.1,0.50471,-0.48183,-3.0427,-1.4179e-05,-0.48183,-3.0427,-1.4179e-05,-41483,6576.2,-2.3718,-0.48218,-3.0426,-8.1757e-06,-0.48218,-3.0426,-8.1757e-06,-41543,6927.9,0.51006,-0.50438,-3.0326,-1.3787e-05,-0.50438,-3.0326,-1.3787e-05,-41400,6447.7,0.50284,-0.47222,-3.0498,-1.4341e-05,-0.47222,-3.0498,-1.4341e-05,-41483,6576.1,6.5021,-0.48218,-3.0426,-0.0028078,-0.48218,-3.0426,-0.0028078,1322,-3983.1,-0.058533,0.27077,-0.14986,-5.3246e-06,17540,0.25854,-1.1367,0.55345,2.1701e-05,5.5303,-1.6753e-05,8.1842e-06,-0.0020964,7.4048e-05,-3.6598e-05,-1.4168e-09,1.8864e-05,6.911e-10,9.7553e-07
5.3127e+08,-42001,6.2011,0.46604,-0.00028643,-3.0806,-2.2093e-05,-0.00028643,-3.0806,-2.2093e-05,-41998,5.8336,0.46606,-0.00015613,-3.0806,-2.2095e-05,-0.00015613,-3.0806,-2.2095e-05,-42001,15.603,0.46616,-0.0006767,-3.0805,-2.2087e-05,-0.0006767,-3.0805,-2.2087e-05,-42001,6.2012,3.2946,-0.00028644,-3.0806,-2.2097e-05,-0.00028644,-3.0806,-2.2097e-05,-41871,-384.07,0.45958,0.026822,-3.0877,-2.2532e-05,0.026822,-3.0877,-2.2532e-05,-42084,71.524,0.46712,-0.0074554,-3.076,-2.1986e-05,-0.0074554,-3.076,-2.1986e-05,-42001,6.2069,0.46167,-0.00028687,-3.0806,0.0028062,-0.00028687,-3.0806,0.0028062,-42003,6.5686,0.46602,-0.00041673,-3.0805,-2.209e-05,-0.00041673,-3.0805,-2.209e-05,-42001,-3.2009,0.46593,0.00010384,-3.0806,-2.2098e-05,0.00010384,-3.0806,-2.2098e-05,-42001,6.201,-2.3625,-0.00028642,-3.0806,-2.2088e-05,-0.00028642,-3.0806,-2.2088e-05,-42131,396.47,0.4725,-0.027395,-3.0734,-2.1654e-05,-0.027395,-3.0734,-2.1654e-05,-41918,-59.122,0.46497,0.0068825,-3.0851,-2.22e-05,0.0068825,-3.0851,-2.22e-05,-42001,6.1953,0.47042,-0.00028599,-3.0806,-0.0028504,-0.00028599,-3.0806,-0.0028504,2981.5,-7033.6,-0.1163,0.51584,-0.16407,-9.2488e-06,19583,0.32395,-1.3814,0.38708,2.434e-05,1.0001,-2.2851e-05,6.4012e-06,-1.5476e-06,9.8303e-05,-2.8387e-05,-1.7391e-09,9.0297e-06,4.924e-10,9.999e-07
5.3128e+08,-41484,-6563.9,0.40999,0.48162,-3.0427,-3.0285e-05,0.48162,-3.0427,-3.0285e-05,-41481,-6565.6,0.40998,0.48183,-3.0428,-3.0289e-05,0.48183,-3.0428,-3.0289e-05,-41486,-6554.5,0.41012,0.48121,-3.0427,-3.028e-05,0.48121,-3.0427,-3.028e-05,-41484,-6563.9,3.2864,0.48162,-3.0427,-2.4296e-05,0.48162,-3.0427,-2.4296e-05,-41277,-6971.1,0.40245,0.51251,-3.0456,-3.0751e-05,0.51251,-3.0456,-3.0751e-05,-41544,-6571.7,0.40979,0.4787,-3.0397,-3.0253e-05,0.4787,-3.0397,-3.0253e-05,-41484,-6563.9,6.3986,0.48162,-3.0427,0.0027634,0.48162,-3.0427,0.0027634,-41488,-6562.2,0.40999,0.48141,-3.0426,-3.0281e-05,0.48141,-3.0426,-3.0281e-05,-41483,-6573.3,0.40986,0.48203,-3.0427,-3.029e-05,0.48203,-3.0427,-3.029e-05,-41484,-6563.9,-2.4664,0.48162,-3.0427,-3.6274e-05,0.48162,-3.0427,-3.6274e-05,-41692,-6156.7,0.41752,0.45073,-3.0398,-2.9819e-05,0.45073,-3.0398,-2.9819e-05,-41425,-6556.1,0.41018,0.48454,-3.0457,-3.0317e-05,0.48454,-3.0457,-3.0317e-05,-41484,-6563.9,-5.5787,0.48162,-3.0427,-0.002824,0.48162,-3.0427,-0.002824,5830.5,-10505,-0.19664,0.82323,-0.098211,-1.3598e-05,20748,0.38785,-1.5703,0.14568,2.561e-05,5.5172,-2.9375e-05,2.7002e-06,0.0020935,0.0001204,-1.237e-05,-1.9751e-09,2.1931e-06,1.9328e-10,9.756e-07
5.3128e+08,-39947,-12972,0.3363,0.95168,-2.9299,-3.8516e-05,0.95168,-2.9299,-3.8516e-05,-39942,-12975,0.33627,0.95196,-2.93,-3.852e-05,0.95196,-2.93,-3.852e-05,-39949,-12963,0.33644,0.95128,-2.93,-3.8511e-05,0.95128,-2.93,-3.8511e-05,-39947,-12972,3.3615,0.95168,-2.9299,-2.6685e-05,0.95168,-2.9299,-2.6685e-05,-39663,-13371,0.32795,0.98466,-2.9276,-3.8976e-05,0.98466,-2.9276,-3.8976e-05,-39958,-13055,0.33449,0.95401,-2.9269,-3.8562e-05,0.95401,-2.9269,-3.8562e-05,-39947,-12972,12.167,0.95168,-2.9299,0.0026522,0.95168,-2.9299,0.0026522,-39951,-12970,0.33633,0.95139,-2.9299,-3.8512e-05,0.95139,-2.9299,-3.8512e-05,-39944,-12981,0.33616,0.95208,-2.9299,-3.8521e-05,0.95208,-2.9299,-3.8521e-05,-39947,-12972,-2.6889,0.95168,-2.9299,-5.0346e-05,0.95168,-2.9299,-5.0346e-05,-40230,-12574,0.34465,0.9187,-2.9323,-3.8056e-05,0.9187,-2.9323,-3.8056e-05,-39935,-12889,0.33811,0.94934,-2.933,-3.847e-05,0.94934,-2.933,-3.847e-05,-39947,-12972,-11.494,0.95168,-2.9299,-0.0027292,0.95168,-2.9299,-0.0027292,10086,-14036,-0.29999,1.1669,0.078562,-1.768e-05,20755,0.44229,-1.6689,-0.14848,2.5007e-05,18.64,-3.5639e-05,-3.2063e-06,0.0039836,0.00013666,1.0531e-05,-2.0642e-09,1.8678e-06,-1.6768e-10,9.05e-07
5.3128e+08,-37425,-19061,0.24518,1.3983,-2.745,-4.6516e-05,1.3983,-2.745,-4.6516e-05,-37419,-19065,0.24513,1.3987,-2.745,-4.6521e-05,1.3987,-2.745,-4.6521e-05,-37429,-19053,0.24532,1.3979,-2.7452,-4.6513e-05,1.3979,-2.7452,-4.6513e-05,-37425,-19061,3.5371,1.3983,-2.745,-2.9143e-05,1.3983,-2.745,-2.9143e-05,-37075,-19426,0.23641,1.4313,-2.7371,-4.6932e-05,1.4313,-2.7371,-4.6932e-05,-37362,-19213,0.24147,1.4062,-2.7399,-4.663e-05,1.4062,-2.7399,-4.663e-05,-37425,-19061,17.618,1.3983,-2.745,0.0024754,1.3983,-2.745,0.0024754,-37431,-19058,0.24524,1.398,-2.7451,-4.6512e-05,1.398,-2.7451,-4.6512e-05,-37421,-19070,0.24505,1.3987,-2.7449,-4.652e-05,1.3987,-2.7449,-4.652e-05,-37425,-19061,-3.0468,1.3983,-2.745,-6.3889e-05,1.3983,-2.745,-6.3889e-05,-37775,-18697,0.25396,1.3653,-2.7529,-4.61e-05,1.3653,-2.7529,-4.61e-05,-37488,-18910,0.2489,1.3904,-2.7502,-4.6403e-05,1.3904,-2.7502,-4.6403e-05,-37425,-19062,-17.128,1.3983,-2.745,-0.0025684,1.3983,-2.745,-0.0025684,15820,-17139,-0.42333,1.506,0.38703,-2.0526e-05,19454,0.4781,-1.6517,-0.45784,2.2258e-05,39.082,-4.0775e-05,-1.1324e-05,0.0054837,0.00014383,3.7719e-05,-1.9591e-09,1.1148e-05,-5.204e-10,7.9501e-07
5.3128e+08,-33982,-24681,0.13744,1.8105,-2.4925,-5.3988e-05,1.8105,-2.4925,-5.3988e-05,-33975,-24685,0.13736,1.8109,-2.4924,-5.3992e-05,1.8109,-2.4924,-5.3992e-05,-33986,-24674,0.13757,1.8102,-2.4927,-5.3986e-05,1.8102,-2.4927,-5.3986e-05,-33982,-24681,3.8491,1.8105,-2.4925,-3.1516e-05,1.8105,-2.4925,-3.1516e-05,-33585,-24987,0.12874,1.8413,-2.4795,-5.4325e-05,1.8413,-2.4795,-5.4325e-05,-33822,-24884,0.13168,1.8235,-2.4832,-5.4141e-05,1.8235,-2.4832,-5.4141e-05,-33982,-24681,22.609,1.8105,-2.4925,0.0022375,1.8105,-2.4925,0.0022375,-33989,-24677,0.13753,1.8101,-2.4927,-5.3984e-05,1.8101,-2.4927,-5.3984e-05,-33978,-24689,0.13732,1.8108,-2.4923,-5.399e-05,1.8108,-2.4923,-5.399e-05,-33982,-24681,-3.5742,1.8105,-2.4925,-7.646e-05,1.8105,-2.4925,-7.646e-05,-34379,-24375,0.14615,1.7797,-2.5055,-5.3651e-05,1.7797,-2.5055,-5.3651e-05,-34143,-24478,0.14321,1.7975,-2.5018,-5.3835e-05,1.7975,-2.5018,-5.3835e-05,-33982,-24681,-22.334,1.8105,-2.4925,-0.0023454,1.8105,-2.4925,-0.0023454,22907,-19265,-0.55937,1.7893,0.83112,-2.0992e-05,16881,0.48632,-1.5093,-0.73356,1.7461e-05,64.845,-4.3843e-05,-2.1274e-05,0.006447,0.0001398,6.5149e-05,-1.6429e-09,3.192e-05,-7.6897e-10,6.564e-07
5.3128e+08,-29702,-29693,0.014555,2.1782,-2.1786,-6.0611e-05,2.1782,-2.1786,-6.0611e-05,-29693,-29698,0.014453,2.1786,-2.1784,-6.0615e-05,2.1786,-2.1784,-6.0615e-05,-29707,-29687,0.014668,2.1779,-2.1789,-6.061e-05,2.1779,-2.1789,-6.061e-05,-29702,-29693,4.3672,2.1781,-2.1786,-3.3625e-05,2.1781,-2.1786,-3.3625e-05,-29286,-29924,0.0064964,2.2049,-2.1619,-6.0842e-05,2.2049,-2.1619,-6.0842e-05,-29429,-29924,0.0067691,2.1949,-2.1634,-6.0761e-05,2.1949,-2.1634,-6.0761e-05,-29702,-29693,27.001,2.1781,-2.1786,0.0019447,2.1781,-2.1786,0.0019447,-29711,-29689,0.014656,2.1777,-2.1789,-6.0608e-05,2.1777,-2.1789,-6.0608e-05,-29698,-29700,0.014441,2.1784,-2.1784,-6.0612e-05,2.1784,-2.1784,-6.0612e-05,-29702,-29693,-4.3381,2.1782,-2.1786,-8.7598e-05,2.1782,-2.1786,-8.7598e-05,-30118,-29463,0.022613,2.1514,-2.1954,-6.038e-05,2.1514,-2.1954,-6.038e-05,-29976,-29463,0.02234,2.1614,-2.1939,-6.0462e-05,2.1614,-2.1939,-6.0462e-05,-29702,-29693,-26.972,2.1782,-2.1786,-0.0020659,2.1782,-2.1786,-0.0020659,30991,-19878,-0.69643,1.9627,1.3932,-1.7942e-05,13293,0.45997,-1.2532,-0.92293,1.1202e-05,93.405,-4.401e-05,-3.2243e-05,0.0067792,0.00012436,8.793e-05,-1.1425e-09,6.4216e-05,-8.0618e-10,5.0274e-07
5.3129e+08,-24691,-33974,-0.12132,2.4922,-1.8111,-6.6059e-05,2.4922,-1.8111,-6.6059e-05,-24681,-33978,-0.12143,2.4926,-1.8107,-6.6061e-05,2.4926,-1.8107,-6.6061e-05,-24695,-33969,-0.12123,2.492,-1.8113,-6.6059e-05,2.492,-1.8113,-6.6059e-05,-24691,-33974,5.2337,2.4922,-1.8111,-3.5285e-05,2.4922,-1.8111,-3.5285e-05,-24289,-34121,-0.12815,2.5134,-1.7926,-6.6174e-05,2.5134,-1.7926,-6.6174e-05,-24299,-34201,-0.13088,2.5107,-1.7886,-6.6149e-05,2.5107,-1.7886,-6.6149e-05,-24691,-33974,30.653,2.4922,-1.8111,0.0016047,2.4922,-1.8111,0.0016047,-24702,-33970,-0.1212,2.4917,-1.8115,-6.6057e-05,2.4917,-1.8115,-6.6057e-05,-24687,-33979,-0.12141,2.4923,-1.8109,-6.6059e-05,2.4923,-1.8109,-6.6059e-05,-24691,-33974,-5.4763,2.4922,-1.8111,-9.6833e-05,2.4922,-1.8111,-9.6833e-05,-25093,-33827,-0.11449,2.4709,-1.8296,-6.5945e-05,2.4709,-1.8296,-6.5945e-05,-25084,-33747,-0.11176,2.4736,-1.8335,-6.5969e-05,2.4736,-1.8335,-6.5969e-05,-24691,-33974,-30.896,2.4922,-1.8111,-0.0017369,2.4922,-1.8111,-0.0017369,39494,-18552,-0.81911,1.9785,2.033,-1.0498e-05,9166.4,0.39607,-0.91725,-0.97865,4.5805e-06,121.97,-4.0749e-05,-4.3013e-05,0.0064478,9.9444e-05,0.00010121,-5.363e-10,0.00010589,-5.3574e-10,3.4906e-07
5.3129e+08,-19072,-37418,-0.26731,2.7448,-1.3989,-7.0012e-05,2.7448,-1.3989,-7.0012e-05,-19060,-37422,-0.26744,2.7451,-1.3984,-7.0011e-05,2.7451,-1.3984,-7.0011e-05,-19075,-37414,-0.26726,2.7447,-1.3991,-7.0014e-05,2.7447,-1.3991,-7.0014e-05,-19072,-37418,6.7738,2.7448,-1.3989,-3.6363e-05,2.7448,-1.3989,-3.6363e-05,-18718,-37485,-0.27241,2.7601,-1.3811,-7.0021e-05,2.7601,-1.3811,-7.0021e-05,-18566,-37610,-0.27818,2.7626,-1.3689,-6.9981e-05,2.7626,-1.3689,-6.9981e-05,-19072,-37418,33.382,2.7448,-1.3989,0.001227,2.7448,-1.3989,0.001227,-19084,-37415,-0.26719,2.7444,-1.3994,-7.0013e-05,2.7444,-1.3994,-7.0013e-05,-19069,-37423,-0.26736,2.7449,-1.3988,-7.0011e-05,2.7449,-1.3988,-7.0011e-05,-19072,-37418,-7.3084,2.7448,-1.3989,-0.00010366,2.7448,-1.3989,-0.00010366,-19426,-37352,-0.26222,2.7295,-1.4168,-7.0003e-05,2.7295,-1.4168,-7.0003e-05,-19578,-37227,-0.25644,2.7269,-1.429,-7.0043e-05,2.7269,-1.429,-7.0043e-05,-19072,-37418,-33.917,2.7448,-1.3989,-0.001367,2.7448,-1.3989,-0.001367,47668,-15066,-0.91003,1.8054,2.6908,1.6984e-06,5148.1,0.29739,-0.55453,-0.86851,-8.8265e-07,147.73,-3.4036e-05,-5.2097e-05,0.005485,6.9053e-05,0.00010116,5.0853e-11,0.00015274,1.0181e-10,2.1042e-07
5.3129e+08,-12983,-39941,-0.41991,2.9298,-0.95235,-7.218e-05,2.9298,-0.95235,-7.218e-05,-12970,-39943,-0.42002,2.9301,-0.95175,-7.2176e-05,2.9301,-0.95175,-7.2176e-05,-12986,-39938,-0.41993,2.9298,-0.95247,-7.2182e-05,2.9298,-0.95247,-7.2182e-05,-12983,-39941,9.8978,2.9298,-0.95235,-3.698e-05,2.9298,-0.95235,-3.698e-05,-12710,-39941,-0.42291,2.9395,-0.93768,-7.2118e-05,2.9395,-0.93768,-7.2118e-05,-12381,-40067,-0.43141,2.9445,-0.91524,-7.1971e-05,2.9445,-0.91524,-7.1971e-05,-12983,-39941,34.78,2.9298,-0.95235,0.00082327,2.9298,-0.95235,0.00082327,-12997,-39939,-0.4198,2.9296,-0.95295,-7.2184e-05,2.9296,-0.95295,-7.2184e-05,-12981,-39945,-0.41989,2.9298,-0.95222,-7.2178e-05,2.9298,-0.95222,-7.2178e-05,-12983,-39941,-10.738,2.9298,-0.95235,-0.00010738,2.9298,-0.95235,-0.00010738,-13256,-39941,-0.41691,2.9201,-0.96702,-7.2242e-05,2.9201,-0.96702,-7.2242e-05,-13586,-39816,-0.40841,2.9152,-0.98946,-7.2389e-05,2.9152,-0.98946,-7.2389e-05,-12983,-39941,-35.619,2.9298,-0.95235,-0.00096763,2.9298,-0.95235,-0.00096763,54678,-9468.4,-0.95242,1.4362,3.295,1.8267e-05,1977.9,0.17351,-0.23051,-0.58328,-3.4671e-06,168.18,-2.4473e-05,-5.7969e-05,0.0039853,3.8704e-05,8.5863e-05,4.6547e-10,0.00019904,1.1061e-09,1.0038e-07
5.3129e+08,-6575,-41481,-0.57502,3.0427,-0.4823,-7.2319e-05,3.0427,-0.4823,-7.2319e-05,-6560,-41481,-0.57509,3.0429,-0.48163,-7.2312e-05,3.0429,-0.48163,-7.2312e-05,-6575.7,-41477,-0.57518,3.0428,-0.48234,-7.232e-05,3.0428,-0.48234,-7.232e-05,-6575,-41481,18.128,3.0427,-0.4823,-3.9142e-05,3.0427,-0.4823,-3.9142e-05,-6408.5,-41439,-0.57581,3.0482,-0.47302,-7.2242e-05,3.0482,-0.47302,-7.2242e-05,-5904.4,-41516,-0.58629,3.052,-0.43962,-7.189e-05,3.052,-0.43962,-7.189e-05,-6575,-41481,32.602,3.0427,-0.4823,0.00041427,3.0427,-0.4823,0.00041427,-6590.1,-41480,-0.57494,3.0426,-0.48297,-7.2326e-05,3.0426,-0.48297,-7.2326e-05,-6574.4,-41484,-0.57485,3.0427,-0.48227,-7.2318e-05,3.0427,-0.48227,-7.2318e-05,-6575,-41481,-19.278,3.0427,-0.4823,-0.0001055,3.0427,-0.4823,-0.0001055,-6741.5,-41522,-0.57422,3.0373,-0.49158,-7.2395e-05,3.0373,-0.49158,-7.2395e-05,-7245.7,-41445,-0.56374,3.0334,-0.52498,-7.2748e-05,3.0334,-0.52498,-7.2748e-05,-6575,-41481,-33.752,3.0427,-0.4823,-0.0005589,3.0427,-0.4823,-0.0005589,59720,-2107.8,-0.93318,0.89197,3.7725,3.7999e-05,377.14,0.040681,-0.012635,-0.14099,-1.5763e-06,181.31,-1.3315e-05,-5.9346e-05,0.0020955,1.4499e-05,5.5858e-05,5.546e-10,0.00023853,2.4042e-09,2.9733e-08
5.3129e+08,-4.7568,-41999,-0.72808,3.0807,-0.00038432,-7.0251e-05,3.0807,-0.00038432,-7.0251e-05,11.306,-41997,-0.72805,3.0807,0.00031914,-7.024e-05,3.0807,0.00031914,-7.024e-05,-3.4641,-41995,-0.7286,3.0807,-0.00031503,-7.025e-05,3.0807,-0.00031503,-7.025e-05,-4.7568,-41999,37.83,3.0807,-0.00038433,-7.0236e-05,3.0807,-0.00038433,-7.0236e-05,39.863,-41947,-0.72699,3.084,0.0019251,-7.0232e-05,3.084,0.0019251,-7.0232e-05,698.7,-41929,-0.73777,3.083,0.045635,-6.9585e-05,3.083,0.045635,-6.9585e-05,-4.7466,-41999,-0.71319,3.0807,-0.00038365,0.00013723,3.0807,-0.00038365,0.00013723,-20.819,-42000,-0.72811,3.0807,-0.0010878,-7.0261e-05,3.0807,-0.0010878,-7.0261e-05,-6.0496,-42002,-0.72756,3.0806,-0.0004536,-7.0251e-05,3.0806,-0.0004536,-7.0251e-05,-4.7568,-41999,-39.286,3.0807,-0.00038431,-7.0265e-05,3.0807,-0.00038431,-7.0265e-05,-49.377,-42050,-0.72917,3.0774,-0.0026937,-7.0269e-05,3.0774,-0.0026937,-7.0269e-05,-708.21,-42068,-0.71839,3.0784,-0.046403,-7.0916e-05,3.0784,-0.046403,-7.0916e-05,-4.7671,-41999,-0.74296,3.0807,-0.00038498,-0.00027773,3.0807,-0.00038498,-0.00027773,62138,6382.2,-0.84596,0.22151,4.0609,5.8927e-05,931.43,-0.079658,0.041143,0.41354,5.9029e-06,185.84,-2.347e-06,-5.5482e-05,4.5698e-07,2.0189e-06,1.4238e-05,2.0014e-10,0.00026545,3.853e-09,5.3811e-09
5.313e+08,6565.6,-41482,-0.87425,3.0428,0.48154,-6.5876e-05,3.0428,0.48154,-6.5876e-05,6582.1,-41479,-0.87429,3.0427,0.48224,-6.5863e-05,3.0427,0.48224,-6.5863e-05,6569.1,-41478,-0.87454,3.0428,0.48172,-6.5872e-05,3.0428,0.48172,-6.5872e-05,6565.6,-41482,17.835,3.0428,0.48154,-9.905e-05,3.0428,0.48154,-9.905e-05,6485.3,-41457,-0.87174,3.0465,0.47618,-6.5992e-05,3.0465,0.47618,-6.5992e-05,7262.4,-41306,-0.88129,3.0374,0.52819,-6.4997e-05,3.0374,0.52819,-6.4997e-05,6565.6,-41482,-34.048,3.0428,0.48154,0.00042054,3.0428,0.48154,0.00042054,6549.1,-41486,-0.87422,3.0429,0.48085,-6.5889e-05,3.0429,0.48085,-6.5889e-05,6562.1,-41486,-0.87397,3.0428,0.48137,-6.588e-05,3.0428,0.48137,-6.588e-05,6565.6,-41482,-19.584,3.0428,0.48154,-3.2702e-05,3.0428,0.48154,-3.2702e-05,6645.9,-41507,-0.87676,3.0391,0.48691,-6.576e-05,3.0391,0.48691,-6.576e-05,5868.8,-41659,-0.86722,3.0482,0.43489,-6.6755e-05,3.0482,0.43489,-6.6755e-05,6565.6,-41482,32.299,3.0428,0.48154,-0.00055229,3.0428,0.48154,-0.00055229,61537,15151,-0.69337,-0.50437,4.1186,7.8584e-05,3985.9,-0.16367,-0.1071,1.0141,1.9291e-05,181.32,6.3579e-06,-4.639e-05,-0.0020946,5.2797e-06,-3.3756e-05,-6.5026e-10,0.00027567,5.2595e-09,2.9712e-08
5.313e+08,12974,-39945,-1.0086,2.93,0.95161,-5.9185e-05,2.93,0.95161,-5.9185e-05,12990,-39939,-1.0086,2.9298,0.95226,-5.9169e-05,2.9298,0.95226,-5.9169e-05,12980,-39939,-1.0087,2.93,0.95188,-5.9178e-05,2.93,0.95188,-5.9178e-05,12974,-39945,9.3113,2.93,0.95161,-9.4384e-05,2.93,0.95161,-9.4384e-05,12779,-39981,-1.0053,2.9367,0.93885,-5.9505e-05,2.9367,0.93885,-5.9505e-05,13626,-39670,-1.0128,2.9172,0.99606,-5.8144e-05,2.9172,0.99606,-5.8144e-05,12974,-39945,-36.208,2.93,0.95161,0.00083608,2.93,0.95161,0.00083608,12958,-39950,-1.0086,2.9302,0.95095,-5.92e-05,2.9302,0.95095,-5.92e-05,12969,-39950,-1.0084,2.93,0.95133,-5.9192e-05,2.93,0.95133,-5.9192e-05,12974,-39945,-11.328,2.93,0.95161,-2.3985e-05,2.93,0.95161,-2.3985e-05,13169,-39908,-1.0118,2.9233,0.96436,-5.8864e-05,2.9233,0.96436,-5.8864e-05,12323,-40219,-1.0044,2.9427,0.90715,-6.0226e-05,2.9427,0.90715,-6.0226e-05,12974,-39945,34.191,2.93,0.95161,-0.00095445,2.93,0.95161,-0.00095445,57857,23237,-0.48797,-1.2025,3.9331,9.4393e-05,9572.6,-0.18882,-0.46785,1.5826,3.7942e-05,168.19,1.078e-05,-3.2947e-05,-0.0039846,2.5955e-05,-8.157e-05,-1.9645e-09,0.00026743,6.4141e-09,1.0034e-07
5.313e+08,19063,-37423,-1.1261,2.745,1.3982,-5.0257e-05,2.745,1.3982,-5.0257e-05,19079,-37416,-1.1261,2.7447,1.3988,-5.024e-05,2.7447,1.3988,-5.024e-05,19071,-37415,-1.1262,2.7449,1.3986,-5.0247e-05,2.7449,1.3986,-5.0247e-05,19063,-37423,5.916,2.745,1.3982,-8.3908e-05,2.745,1.3982,-8.3908e-05,18776,-37551,-1.1233,2.7572,1.3794,-5.0831e-05,2.7572,1.3794,-5.0831e-05,19636,-37073,-1.1272,2.7262,1.4379,-4.9131e-05,2.7262,1.4379,-4.9131e-05,19063,-37423,-34.777,2.745,1.3982,0.0012466,2.745,1.3982,0.0012466,19048,-37431,-1.1262,2.7453,1.3977,-5.0274e-05,2.7453,1.3977,-5.0274e-05,19056,-37431,-1.1261,2.7452,1.3979,-5.0268e-05,2.7452,1.3979,-5.0268e-05,19063,-37423,-8.1683,2.745,1.3982,-1.6607e-05,2.745,1.3982,-1.6607e-05,19351,-37295,-1.129,2.7329,1.4171,-4.9684e-05,2.7329,1.4171,-4.9684e-05,18491,-37773,-1.1251,2.7639,1.3585,-5.1384e-05,2.7639,1.3585,-5.1384e-05,19063,-37423,32.524,2.745,1.3982,-0.0013471,2.745,1.3982,-0.0013471,51395,29694,-0.25149,-1.7896,3.5233,0.00010411,17384,-0.13773,-1.0212,2.0407,6.0252e-05,147.74,9.3119e-06,-1.6829e-05,-0.0054844,6.3034e-05,-0.00012241,-3.6244e-09,0.00024168,7.1306e-09,2.1036e-07
5.313e+08,24683,-33980,-1.2224,2.4925,1.8104,-3.9264e-05,2.4925,1.8104,-3.9264e-05,24697,-33971,-1.2222,2.4921,1.8109,-3.9247e-05,2.4921,1.8109,-3.9247e-05,24692,-33970,-1.2223,2.4922,1.8108,-3.925e-05,2.4922,1.8108,-3.925e-05,24683,-33980,4.1333,2.4925,1.8104,-7.004e-05,2.4925,1.8104,-7.004e-05,24335,-34222,-1.2209,2.5119,1.7875,-4.0109e-05,2.5119,1.7875,-4.0109e-05,25153,-33585,-1.2204,2.4695,1.8434,-3.8143e-05,2.4695,1.8434,-3.8143e-05,24683,-33980,-31.998,2.4925,1.8104,0.0016313,2.4925,1.8104,0.0016313,24670,-33990,-1.2225,2.4928,1.81,-3.9281e-05,2.4928,1.81,-3.9281e-05,24674,-33991,-1.2224,2.4927,1.81,-3.9279e-05,2.4927,1.81,-3.9279e-05,24683,-33980,-6.578,2.4925,1.8104,-8.4884e-06,2.4925,1.8104,-8.4884e-06,25032,-33739,-1.2238,2.4731,1.8334,-3.8419e-05,2.4731,1.8334,-3.8419e-05,24214,-34375,-1.2243,2.5154,1.7774,-4.0385e-05,2.5154,1.7774,-4.0385e-05,24683,-33980,29.553,2.4925,1.8104,-0.0017099,2.4925,1.8104,-0.0017099,42789,33724,-0.012482,-2.194,2.938,0.00010623,26800,-0.0015936,-1.7191,2.3221,8.3869e-05,121.98,1.071e-06,-3.0155e-07,-0.0064474,0.00011298,-0.00015037,-5.443e-09,0.00020196,7.2818e-09,3.4899e-07
5.3131e+08,29695,-29701,-1.293,2.1786,2.178,-2.6457e-05,2.1786,2.178,-2.6457e-05,29707,-29691,-1.2928,2.1782,2.1784,-2.6441e-05,2.1782,2.1784,-2.6441e-05,29705,-29686,-1.2928,2.1782,2.1784,-2.6439e-05,2.1782,2.1784,-2.6439e-05,29695,-29701,3.06,2.1786,2.178,-5.3446e-05,2.1786,2.178,-5.3446e-05,29324,-30065,-1.2942,2.2062,2.1536,-2.7556e-05,2.2062,2.1536,-2.7556e-05,30049,-29297,-1.2886,2.1541,2.2032,-2.5436e-05,2.1541,2.2032,-2.5436e-05,29695,-29701,-28.282,2.1786,2.178,0.0019787,2.1786,2.178,0.0019787,29683,-29711,-1.2932,2.1789,2.1777,-2.6473e-05,2.1789,2.1777,-2.6473e-05,29685,-29715,-1.2932,2.1789,2.1776,-2.6475e-05,2.1789,2.1776,-2.6475e-05,29695,-29701,-5.6461,2.1786,2.178,5.3203e-07,2.1786,2.178,5.3203e-07,30067,-29337,-1.2919,2.1509,2.2025,-2.5357e-05,2.1509,2.2025,-2.5357e-05,29341,-30105,-1.2975,2.203,2.1529,-2.7477e-05,2.203,2.1529,-2.7477e-05,29695,-29701,25.696,2.1786,2.178,-0.0020316,2.1786,2.178,-0.0020316,32934,34786,0.19743,-2.3663,2.2485,0.00010026,36958,0.21766,-2.492,2.382,0.00010604,93.418,-1.391e-05,1.4118e-05,-0.0067792,0.0001703,-0.00016135,-7.1961e-09,0.00015378,6.8251e-09,5.0266e-07
5.3131e+08,33976,-24690,-1.3346,1.811,2.492,-1.2159e-05,1.811,2.492,-1.2159e-05,33985,-24680,-1.3344,1.8107,2.4923,-1.2145e-05,1.8107,2.4923,-1.2145e-05,33986,-24671,-1.3342,1.8105,2.4924,-1.2138e-05,1.8105,2.4924,-1.2138e-05,33976,-24690,2.3773,1.811,2.492,-3.4633e-05,1.811,2.492,-3.4633e-05,33621,-25174,-1.3392,1.847,2.4689,-1.3464e-05,1.847,2.4689,-1.3464e-05,34214,-24316,-1.3286,1.7879,2.5092,-1.1323e-05,1.7879,2.5092,-1.1323e-05,33976,-24690,-23.809,1.811,2.492,0.0022791,1.811,2.492,0.0022791,33966,-24700,-1.3349,1.8114,2.4918,-1.2173e-05,1.8114,2.4918,-1.2173e-05,33965,-24709,-1.335,1.8115,2.4916,-1.2179e-05,1.8115,2.4916,-1.2179e-05,33976,-24690,-5.0465,1.811,2.492,1.0315e-05,1.811,2.492,1.0315e-05,34331,-24206,-1.33,1.775,2.5151,-1.0854e-05,1.775,2.5151,-1.0854e-05,33738,-25064,-1.3407,1.8341,2.4748,-1.2995e-05,1.8341,2.4748,-1.2995e-05,33976,-24690,21.139,1.811,2.492,-0.0023035,1.811,2.492,-0.0023035,22881,32671,0.34786,-2.2857,1.5387,8.6821e-05,46864,0.50686,-3.2591,2.2041,0.00012406,64.858,-3.4646e-05,2.4043e-05,-0.0064473,0.00022849,-0.00015361,-8.66e-09,0.00010374,5.8095e-09,6.5632e-07
5.3131e+08,37420,-19071,-1.3443,1.3989,2.7446,3.2476e-06,1.3989,2.7446,3.2476e-06,37427,-19061,-1.344,1.3986,2.7448,3.2582e-06,1.3986,2.7448,3.2582e-06,37430,-19046,-1.3436,1.3983,2.7449,3.2696e-06,1.3983,2.7449,3.2696e-06,37420,-19071,1.9478,1.3989,2.7446,-1.4128e-05,1.3989,2.7446,-1.4128e-05,37118,-19661,-1.3529,1.4422,2.7255,1.8125e-06,1.4422,2.7255,1.8125e-06,37555,-18762,-1.3378,1.3797,2.7546,3.8387e-06,1.3797,2.7546,3.8387e-06,37420,-19071,-18.72,1.3989,2.7446,0.002525,1.3989,2.7446,0.002525,37413,-19081,-1.3446,1.3992,2.7445,3.2369e-06,1.3992,2.7445,3.2369e-06,37410,-19097,-1.345,1.3995,2.7443,3.2255e-06,1.3995,2.7443,3.2255e-06,37420,-19071,-4.6364,1.3989,2.7446,2.0623e-05,1.3989,2.7446,2.0623e-05,37722,-18482,-1.3357,1.3555,2.7638,4.6826e-06,1.3555,2.7638,4.6826e-06,37285,-19381,-1.3508,1.418,2.7346,2.6564e-06,1.418,2.7346,2.6564e-06,37420,-19071,16.031,1.3989,2.7446,-0.0025185,1.3989,2.7446,-0.0025185,13703,27526,0.41389,-1.9618,0.89352,6.7555e-05,55517,0.8428,-3.9394,1.8015,0.00013565,39.094,-5.9329e-05,2.7575e-05,-0.0054843,0.00028102,-0.00012795,-9.6491e-09,5.8498e-05,4.3668e-09,7.9494e-07
5.3131e+08,39943,-12983,-1.3202,0.95228,2.9297,1.9337e-05,0.95228,2.9297,1.9337e-05,39947,-12974,-1.3199,0.95206,2.9297,1.9344e-05,0.95206,2.9297,1.9344e-05,39951,-12948,-1.3191,0.95161,2.9299,1.9359e-05,0.95161,2.9299,1.9359e-05,39943,-12983,1.7051,0.95228,2.9297,7.5034e-06,0.95228,2.9297,7.5034e-06,39724,-13653,-1.333,1.0013,2.9166,1.7864e-05,1.0013,2.9166,1.7864e-05,39997,-12768,-1.3147,0.93922,2.9341,1.9653e-05,0.93922,2.9341,1.9653e-05,39943,-12983,-13.154,0.95228,2.9297,0.00271,0.95228,2.9297,0.00271,39938,-12991,-1.3205,0.9525,2.9296,1.933e-05,0.9525,2.9296,1.933e-05,39934,-13017,-1.3213,0.95295,2.9295,1.9315e-05,0.95295,2.9295,1.9315e-05,39943,-12983,-4.3455,0.95228,2.9297,3.117e-05,0.95228,2.9297,3.117e-05,40161,-12313,-1.3074,0.90322,2.9427,2.0809e-05,0.90322,2.9427,2.0809e-05,39888,-13197,-1.3257,0.96534,2.9252,1.9021e-05,0.96534,2.9252,1.9021e-05,39943,-12983,10.513,0.95228,2.9297,-0.0026713,0.95228,2.9297,-0.0026713,6371,19837,0.3795,-1.4321,0.38805,4.4851e-05,62032,1.1949,-4.4627,1.2146,0.00013935,18.648,-8.5585e-05,2.3582e-05,-0.0039844,0.00032229,-8.7407e-05,-1.0043e-08,2.3818e-05,2.687e-09,9.0495e-07
5.3131e+08,41482,-6574.8,-1.2613,0.48225,3.0426,3.5654e-05,0.48225,3.0426,3.5654e-05,41485,-6569.9,-1.2611,0.48214,3.0426,3.5658e-05,0.48214,3.0426,3.5658e-05,41487,-6528.7,-1.2596,0.48153,3.0427,3.5675e-05,0.48153,3.0427,3.5675e-05,41482,-6574.8,1.6152,0.48225,3.0426,2.9663e-05,0.48225,3.0426,2.9663e-05,41367,-7292.6,-1.278,0.53475,3.0371,3.4241e-05,0.53475,3.0371,3.4241e-05,41487,-6482.6,-1.2584,0.4768,3.0438,3.5701e-05,0.4768,3.0438,3.5701e-05,41482,-6574.7,-7.2529,0.48225,3.0426,0.0028293,0.48225,3.0426,0.0028293,41479,-6579.7,-1.2615,0.48237,3.0426,3.5651e-05,0.48237,3.0426,3.5651e-05,41477,-6620.8,-1.2631,0.48297,3.0425,3.5634e-05,0.48297,3.0425,3.5634e-05,41482,-6574.8,-4.1378,0.48225,3.0426,4.1646e-05,0.48225,3.0426,4.1646e-05,41596,-5856.9,-1.2446,0.42975,3.048,3.7068e-05,0.42975,3.048,3.7068e-05,41477,-6666.9,-1.2642,0.48771,3.0414,3.5607e-05,0.48771,3.0414,3.5607e-05,41482,-6574.8,4.7303,0.48225,3.0426,-0.002758,0.48225,3.0426,-0.002758,1646.2,10364,0.23971,-0.75536,0.078918,2.1506e-05,65744,1.5291,-4.7778,0.50408,0.00013465,5.5217,-0.00011081,1.1831e-05,-0.0020945,0.00034829,-3.6638e-05,-9.8017e-09,3.9073e-06,9.8742e-10,9.7557e-07
5.3132e+08,42000,-4.7885,-1.1677,0.00034939,3.0806,5.1732e-05,0.00034939,3.0806,5.1732e-05,42002,-6.2471,-1.1678,0.0003493,3.0806,5.1732e-05,0.0003493,3.0806,5.1732e-05,41998,42.879,-1.1657,-0.00037562,3.0805,5.1749e-05,-0.00037562,3.0805,5.1749e-05,42000,-4.7865,1.6609,0.00034937,3.0806,5.1733e-05,0.00034937,3.0806,5.1733e-05,42000,-729.8,-1.1874,0.053714,3.0833,5.0465e-05,0.053714,3.0833,5.0465e-05,41992,-52.855,-1.169,0.003132,3.0813,5.1557e-05,0.003132,3.0813,5.1557e-05,42000,-4.7714,-1.1663,0.00034812,3.0806,0.00288,0.00034812,3.0806,0.00288,41997,-3.3298,-1.1676,0.00034948,3.0806,5.1731e-05,0.00034948,3.0806,5.1731e-05,42001,-52.456,-1.1696,0.0010744,3.0806,5.1714e-05,0.0010744,3.0806,5.1714e-05,42000,-4.7904,-3.9962,0.00034941,3.0806,5.173e-05,0.00034941,3.0806,5.173e-05,42000,720.22,-1.1479,-0.053016,3.0778,5.2999e-05,-0.053016,3.0778,5.2999e-05,42007,43.278,-1.1663,-0.0024332,3.0798,5.1906e-05,-0.0024332,3.0798,5.1906e-05,42000,-4.8056,-1.169,0.00035066,3.0806,-0.0027766,0.00035066,3.0806,-0.0027766,8.3959,44.815,0.0011175,-0.0031197,-0.00075971,3.3501e-07,66277,1.8116,-4.8573,-0.25708,0.00012203,1.0002,-0.00013249,-7.0179e-06,4.8911e-07,0.00035701,1.8834e-05,-8.962e-09,1.0422e-06,-5.1945e-10,9.999e-07
