id,t,rx,ry,rz,vx,vy,vz,ux,uy,uz
0,0.6272699265860651,-279,268,-536,669,369,-111,-299,-816,-782
0,1.3950965040575154,-757,955,-183,-806,-710,-311,720,283,-528
0,1.7726701499262953,85,-184,100,593,376,312,-887,-231,349
0,2.4909116903937747,-100,542,450,692,-616,-266,-213,764,-954
0,2.59018432573462,808,345,-974,-598,763,-4,-632,946,-36
0,3.1271317392960043,358,-973,47,152,312,-218,-607,337,-487
0,3.5141958473288226,-918,850,-282,616,255,372,-108,-466,898
0,3.610549274804302,-746,602,-136,489,460,538,219,531,-607
0,3.635431158024459,749,-76,256,14,965,-542,327,734,813
0,4.634981721744323,542,-349,-765,-185,-426,854,805,921,-220
1,0.6272699265860651,-181,-61,-818,-774,-499,882,-948,-19,-541
1,1.3950965040575154,-107,217,-707,898,-588,-881,-448,336,545
1,1.7726701499262953,111,78,416,-599,-513,490,-950,982,205
1,2.4909116903937747,-718,195,-571,564,-466,106,-404,765,333
1,2.59018432573462,536,-561,-897,881,-700,54,-996,-52,-16
1,3.1271317392960043,-264,-285,-764,512,424,444,571,753,853
1,3.5141958473288226,197,-10,-889,-856,-832,511,365,-919,-513
1,3.610549274804302,-870,-524,505,430,652,340,-855,98,-228
1,3.635431158024459,-541,41,-643,-839,-184,-393,-791,-43,987
1,4.634981721744323,-640,407,-150,304,-406,-700,513,-486,-843
2,0.6272699265860651,666,-11,-764,189,-947,-976,811,980,649
2,1.3950965040575154,-188,993,332,785,387,661,953,-782,-436
2,1.7726701499262953,78,345,435,-41,-742,-622,-51,85,113
2,2.4909116903937747,-141,-216,281,23,522,516,333,-335,-147
2,2.59018432573462,-381,-629,845,885,28,493,573,317,662
2,3.1271317392960043,-670,-299,-861,-24,-163,-714,-443,202,-255
2,3.5141958473288226,-53,-596,114,439,173,35,-211,850,818
2,3.610549274804302,-231,-561,-759,24,-384,795,-940,954,8
2,3.635431158024459,-256,-25,-35,146,-799,680,-62,-803,576
2,4.634981721744323,243,160,-501,-585,-648,72,-191,-617,823
3,0.6272699265860651,-811,-213,-10,-673,-900,-894,947,-873,-72
3,1.3950965040575154,359,-495,462,-10,-149,421,-816,-485,180
3,1.7726701499262953,-130,2,619,23,372,492,566,137,606
3,2.4909116903937747,712,-35,101,-811,-855,265,-853,792,-326
3,2.59018432573462,-987,177,-15,791,-800,866,-369,-229,640
3,3.1271317392960043,0,956,-45,-295,-374,-772,828,-806,-133
3,3.5141958473288226,-194,214,-183,-886,-721,-568,468,116,58
3,3.610549274804302,-454,396,-137,-445,807,-38,-335,-364,804
3,3.635431158024459,559,-946,-610,-93,-972,-363,-297,-581,-275
3,4.634981721744323,-123,395,896,-855,754,-465,229,-632,612
4,0.6272699265860651,-853,-353,663,663,757,465,-97,705,-768
4,1.3950965040575154,427,930,-205,-351,-597,-93,402,-755,936
4,1.7726701499262953,79,-302,-777,878,647,844,-856,742,193
4,2.4909116903937747,-168,-271,-308,574,140,780,-239,746,-166
4,2.59018432573462,-254,-96,-487,332,-926,-76,175,-325,867
4,3.1271317392960043,-998,-690,186,-542,-819,-260,424,338,-773
4,3.5141958473288226,-273,848,-48,-429,-383,331,215,-179,-817
4,3.610549274804302,-792,446,322,-708,943,40,-236,-510,-962
4,3.635431158024459,-652,326,133,434,178,630,-873,915,-250
4,4.634981721744323,-419,329,-902,45,-832,-893,425,-470,-185
5,0.6272699265860651,-478,557,859,641,-390,-79,247,-871,986
5,1.3950965040575154,195,-596,-967,-512,767,-569,927,521,-494
5,1.7726701499262953,570,214,162,436,-811,148,-158,-116,-635
5,2.4909116903937747,-649,121,171,-817,627,316,261,566,-724
5,2.59018432573462,632,213,562,-960,281,169,787,-390,-187
5,3.1271317392960043,-371,-368,975,342,-580,-174,-333,-699,-389
5,3.5141958473288226,891,12,363,-966,708,-307,557,106,-289
5,3.610549274804302,-157,-19,149,-624,-185,91,276,-346,-888
5,3.635431158024459,192,847,-797,523,-19,-54,-748,-259,934
5,4.634981721744323,-99,96,-949,-9,975,781,-616,253,774
6,0.6272699265860651,935,748,-163,-621,-946,977,-200,-950,762
6,1.3950965040575154,-595,-530,-129,332,-334,-388,727,-455,462
6,1.7726701499262953,-845,825,338,767,275,310,-256,690,-564
6,2.4909116903937747,873,647,786,75,565,-129,-7,-845,873
6,2.59018432573462,-181,-581,-316,429,342,613,419,685,-214
6,3.1271317392960043,261,560,633,-257,-360,-202,-40,-870,367
6,3.5141958473288226,14,445,-661,-690,815,-433,-717,-936,530
6,3.610549274804302,731,-416,-667,-888,-164,-215,-323,531,181
6,3.635431158024459,643,202,-53,-96,-315,436,-630,-294,-24
6,4.634981721744323,828,-561,976,-460,707,-147,-420,-50,745
7,0.6272699265860651,-4,721,156,-600,-876,-941,438,-394,693
7,1.3950965040575154,945,-275,-872,-845,-273,-307,-609,-687,-324
7,1.7726701499262953,952,680,147,505,275,-95,597,538,-605
7,2.4909116903937747,743,288,527,371,448,217,105,-692,697
7,2.59018432573462,495,-311,-120,-603,-710,-719,-844,-603,-40
7,3.1271317392960043,-111,-50,232,996,-838,636,262,723,-130
7,3.5141958473288226,852,-700,-538,27,-50,-202,584,-707,-331
7,3.610549274804302,-125,979,255,-597,-103,870,252,892,327
7,3.635431158024459,920,490,871,-272,-416,944,612,-768,692
7,4.634981721744323,874,202,-670,-699,524,752,-565,-86,-620
8,0.6272699265860651,577,-867,115,895,521,-349,595,900,328
8,1.3950965040575154,-951,-712,-933,636,-248,-173,427,564,-202
8,1.7726701499262953,29,-496,775,885,235,-135,831,42,-885
8,2.4909116903937747,336,460,-610,403,-742,460,-691,907,-228
8,2.59018432573462,228,912,-444,667,-796,-303,414,-894,678
8,3.1271317392960043,-44,283,-684,-44,374,855,843,810,-318
8,3.5141958473288226,-214,667,-505,-678,549,622,-796,-392,974
8,3.610549274804302,56,-559,-472,540,-616,866,-860,646,-255
8,3.635431158024459,439,-258,174,-147,-530,229,-910,-60,210
8,4.634981721744323,345,206,341,37,976,4,329,990,189
9,0.6272699265860651,-55,802,775,519,670,-528,989,-229,-413
9,1.3950965040575154,-453,452,-302,448,255,820,978,838,993
9,1.7726701499262953,659,919,656,-928,994,405,-251,-417,839
9,2.4909116903937747,911,-717,484,663,-214,537,-928,538,658
9,2.59018432573462,-871,523,-48,243,465,793,-209,-164,-135
9,3.1271317392960043,998,840,527,857,-448,-693,-51,-249,973
9,3.5141958473288226,-730,224,-79,-839,546,225,-272,-216,366
9,3.610549274804302,497,491,-518,-290,-979,-515,448,344,-244
9,3.635431158024459,16,-268,904,171,81,-523,549,196,480
9,4.634981721744323,-113,-370,84,39,-829,614,-541,300,-547
10,0.6272699265860651,-789,-112,261,-369,-438,-281,-314,-352,582
10,1.3950965040575154,-895,-404,-421,52,-985,-699,73,-529,192
10,1.7726701499262953,-749,786,600,121,-574,-25,-5,-428,-649
10,2.4909116903937747,827,649,211,836,497,-531,688,-167,-623
10,2.59018432573462,-143,276,-273,787,-876,422,-605,570,331
10,3.1271317392960043,202,813,-88,-38,-417,-465,55,377,750
10,3.5141958473288226,700,-963,755,642,-468,270,485,-427,571
10,3.610549274804302,-369,702,-759,-610,626,-797,258,904,418
10,3.635431158024459,-958,-661,255,-707,-592,-210,-915,187,406
10,4.634981721744323,338,670,-283,-219,376,-849,857,-677,728
11,0.6272699265860651,221,653,774,-143,-140,474,-294,-396,-799
11,1.3950965040575154,-271,-190,360,-866,-113,-632,-704,805,606
11,1.7726701499262953,-316,995,-446,484,920,524,-476,388,323
11,2.4909116903937747,-416,19,284,-347,-402,20,-347,-765,248
11,2.59018432573462,542,-797,-864,-96,601,-807,-460,-242,-20
11,3.1271317392960043,916,675,-735,28,-434,-483,-885,-650,220
11,3.5141958473288226,382,-750,938,768,-167,134,-427,66,75
11,3.610549274804302,450,872,380,914,-267,116,-618,-370,44
11,3.635431158024459,840,-708,-467,915,840,195,917,-842,920
11,4.634981721744323,-968,-958,-232,905,-782,-38,848,-980,-497
12,0.6272699265860651,780,924,187,387,636,743,-127,-267,873
12,1.3950965040575154,327,-226,-426,664,355,-203,383,988,307
12,1.7726701499262953,843,535,-257,-745,-671,396,-236,927,-787
12,2.4909116903937747,627,527,-602,260,866,-507,-339,-315,-462
12,2.59018432573462,816,759,-963,381,784,201,191,-110,300
12,3.1271317392960043,-450,415,-348,-672,-755,972,-54,374,-346
12,3.5141958473288226,401,-72,762,-703,445,386,889,671,369
12,3.610549274804302,-767,116,-842,-822,651,-384,879,-415,628
12,3.635431158024459,524,605,-216,-549,-777,-322,581,-996,114
12,4.634981721744323,-505,-246,-329,-883,-655,-629,-832,797,-855
13,0.6272699265860651,692,563,-155,57,276,971,-212,-752,-265
13,1.3950965040575154,757,-690,-961,52,-253,-743,205,865,-212
13,1.7726701499262953,601,564,593,-16,-30,-435,-837,59,-115
13,2.4909116903937747,2,311,101,-651,347,611,-408,-478,841
13,2.59018432573462,39,841,935,-128,-86,-396,-933,-261,-562
13,3.1271317392960043,-454,549,-115,-262,465,249,157,-494,-560
13,3.5141958473288226,-442,396,-179,-104,316,779,446,435,-997
13,3.610549274804302,372,361,-1000,-738,-35,-813,769,431,460
13,3.635431158024459,552,965,-720,755,-237,-187,627,-366,-966
13,4.634981721744323,829,-35,761,476,-391,209,159,374,555
14,0.6272699265860651,10,-470,895,-777,283,551,631,-783,-843
14,1.3950965040575154,-779,302,-299,-202,-137,644,-520,-887,-209
14,1.7726701499262953,-45,844,423,-427,827,-377,-927,-6,362
14,2.4909116903937747,-929,997,939,823,-279,934,216,446,-172
14,2.59018432573462,193,769,-523,34,-641,-584,-757,448,-92
14,3.1271317392960043,-841,-301,371,369,-731,-334,-456,-27,-272
14,3.5141958473288226,-379,-344,-457,172,698,-581,50,372,-615
14,3.610549274804302,518,451,354,671,72,-472,107,-584,-599
14,3.635431158024459,699,-563,55,-430,873,695,-753,-342,-487
14,4.634981721744323,186,-252,673,238,481,-429,807,-609,-687
15,0.6272699265860651,-458,512,835,-33,127,-407,882,-549,411
15,1.3950965040575154,-908,-861,-369,698,583,714,993,538,4
15,1.7726701499262953,-372,108,717,-392,235,886,205,-596,419
15,2.4909116903937747,-303,964,-67,296,-524,665,396,306,-11
15,2.59018432573462,-782,598,229,97,-110,538,-388,540,224
15,3.1271317392960043,-621,-91,542,-988,-415,377,-84,127,-625
15,3.5141958473288226,-152,27,-924,860,120,-657,-523,634,-41
15,3.610549274804302,320,300,-450,994,-171,-21,105,-648,-191
15,3.635431158024459,374,73,-155,-772,364,513,736,-846,948
15,4.634981721744323,682,605,485,-10,-372,510,289,772,-512
16,0.6272699265860651,-749,-769,833,-83,-834,793,-22,-188,444
16,1.3950965040575154,-837,808,-76,952,-506,-182,-517,-335,759
16,1.7726701499262953,992,582,161,-995,-650,-906,770,779,186
16,2.4909116903937747,968,-399,-540,952,642,-290,-376,588,-669
16,2.59018432573462,-823,-178,513,127,621,-879,526,-135,195
16,3.1271317392960043,-8,-199,549,-285,-50,-332,458,546,313
16,3.5141958473288226,-352,464,265,-322,-432,-281,64,828,528
16,3.610549274804302,-86,-330,-181,-687,614,662,196,-611,750
16,3.635431158024459,118,-855,-881,64,-576,306,314,-77,619
16,4.634981721744323,802,-721,243,42,-471,712,-591,-701,-197
17,0.6272699265860651,528,-250,-775,-948,197,-358,710,-815,-435
17,1.3950965040575154,212,-652,-463,594,-794,144,-445,488,690
17,1.7726701499262953,158,-981,33,764,398,625,937,339,-827
17,2.4909116903937747,385,-971,554,-969,402,-389,877,-994,239
17,2.59018432573462,-462,-102,990,982,491,-613,5,-938,603
17,3.1271317392960043,-329,-370,-170,-617,-786,-985,-396,580,782
17,3.5141958473288226,-823,-905,-345,-762,-844,759,942,579,339
17,3.610549274804302,-606,-892,855,-796,-403,-726,228,-120,981
17,3.635431158024459,779,-766,319,418,460,-814,716,831,993
17,4.634981721744323,-374,-969,-654,-54,-715,446,-136,692,41
18,0.6272699265860651,-266,530,-93,438,-142,-494,815,201,792
18,1.3950965040575154,191,921,746,-902,-295,-358,859,366,103
18,1.7726701499262953,-147,-579,-583,411,-19,-979,514,447,804
18,2.4909116903937747,393,-839,89,133,-994,607,359,54,709
18,2.59018432573462,29,730,-219,410,28,-557,-574,-386,685
18,3.1271317392960043,818,635,431,930,-153,764,902,-492,-792
18,3.5141958473288226,509,-453,407,677,-205,323,-407,82,587
18,3.610549274804302,-787,475,868,53,-291,2,-327,379,-957
18,3.635431158024459,-624,-129,909,5,-242,-884,-207,733,628
18,4.634981721744323,373,-892,150,-516,-400,-599,-803,-811,201
19,0.6272699265860651,654,-106,-116,-227,-9,126,-455,946,658
19,1.3950965040575154,-345,-61,-745,-680,-21,-555,-794,331,660
19,1.7726701499262953,423,-998,664,-587,-362,-465,529,259,-198
19,2.4909116903937747,-787,439,486,428,-347,639,50,871,-93
19,2.59018432573462,-661,397,-847,706,249,360,434,-348,-426
19,3.1271317392960043,27,776,-46,466,904,261,-25,292,-556
19,3.5141958473288226,153,696,968,479,297,487,-344,-143,284
19,3.610549274804302,414,-785,101,-123,691,660,-625,813,-857
19,3.635431158024459,-257,268,887,371,-448,373,539,784,478
19,4.634981721744323,828,906,-738,-150,698,863,-866,-973,-352
20,0.6272699265860651,-575,122,-194,415,939,-807,765,-660,-947
20,1.3950965040575154,167,797,-550,247,956,-437,-286,207,-580
20,1.7726701499262953,357,203,-861,343,-770,517,0,128,-746
20,2.4909116903937747,350,367,-461,712,-884,200,-668,759,-216
20,2.59018432573462,218,-113,-891,853,-804,-680,-212,989,462
20,3.1271317392960043,-856,269,72,-707,-647,-804,-708,-984,-209
20,3.5141958473288226,524,485,422,-715,-841,-175,-88,462,735
20,3.610549274804302,-871,729,-596,544,12,629,814,-586,-785
20,3.635431158024459,-581,-64,979,257,-328,-132,286,-431,840
20,4.634981721744323,-99,-764,-435,300,-388,737,271,-365,-862
21,0.6272699265860651,-181,-271,-118,-95,118,-624,158,27,427
21,1.3950965040575154,-276,-685,-96,420,-433,768,480,157,37
21,1.7726701499262953,-194,580,-139,-634,507,523,833,306,315
21,2.4909116903937747,6,-226,43,700,508,16,414,788,224
21,2.59018432573462,597,913,-429,-849,-869,492,-442,452,224
21,3.1271317392960043,-179,489,-715,-486,-123,-297,437,634,-648
21,3.5141958473288226,-880,270,-578,-502,-886,894,-633,227,662
21,3.610549274804302,63,472,-589,804,298,-294,-930,591,-856
21,3.635431158024459,248,55,129,695,925,-157,-770,-534,917
21,4.634981721744323,-336,-705,740,-658,-414,18,904,256,908
22,0.6272699265860651,-19,757,-691,-875,-228,562,-809,883,468
22,1.3950965040575154,516,508,725,-422,-591,550,125,820,221
22,1.7726701499262953,78,533,-734,-797,434,-914,-409,258,-943
22,2.4909116903937747,38,960,972,-430,238,507,-650,577,-543
22,2.59018432573462,608,1,-826,-459,399,-228,938,49,-669
22,3.1271317392960043,997,-484,-344,657,776,638,822,-92,836
22,3.5141958473288226,709,-402,15,419,-173,652,-360,704,-214
22,3.610549274804302,-639,356,-629,-418,310,546,856,521,-152
22,3.635431158024459,-608,915,755,-764,-994,575,-697,-454,476
22,4.634981721744323,660,-886,-4,242,-250,-416,-772,642,503
23,0.6272699265860651,-908,-725,-440,497,-888,-643,899,-220,679
23,1.3950965040575154,945,-789,-761,-235,-79,847,-155,-139,-593
23,1.7726701499262953,-21,467,-178,591,-226,395,-366,160,-695
23,2.4909116903937747,-839,-197,91,-464,-75,-577,-696,219,-476
23,2.59018432573462,-850,982,440,210,-6,2,-784,-760,-106
23,3.1271317392960043,44,-49,-747,-877,128,-503,406,934,-822
23,3.5141958473288226,6,395,-292,847,18,695,322,853,-703
23,3.610549274804302,227,414,900,-53,-344,-823,-584,513,961
23,3.635431158024459,128,-249,-581,-483,-599,791,-675,-710,-823
23,4.634981721744323,-481,693,-133,665,705,-874,-58,-725,-781
24,0.6272699265860651,-532,-465,462,-44,-94,-964,-1000,-686,916
24,1.3950965040575154,214,-432,-61,155,837,-980,871,-624,88
24,1.7726701499262953,132,-725,-813,104,207,758,992,-399,-753
24,2.4909116903937747,-756,349,612,632,431,427,-405,-364,-582
24,2.59018432573462,318,-999,219,174,-886,-221,-975,-359,936
24,3.1271317392960043,896,313,-945,-709,515,586,-747,-8,727
24,3.5141958473288226,-503,-559,851,985,-589,-17,102,-339,624
24,3.610549274804302,669,-350,-164,-402,-715,-675,909,380,-304
24,3.635431158024459,-97,-656,-744,828,-569,113,909,162,360
24,4.634981721744323,563,-232,422,388,-138,-437,9,-622,-224
25,0.6272699265860651,-676,-214,-932,-330,-965,-327,717,-352,-785
25,1.3950965040575154,110,-102,-949,118,-456,989,-860,496,488
25,1.7726701499262953,523,737,206,-729,548,-784,731,205,-654
25,2.4909116903937747,866,-674,-166,-816,-108,466,352,88,348
25,2.59018432573462,-738,454,-435,904,-872,-277,-153,-252,-300
25,3.1271317392960043,710,-661,16,643,-867,-811,685,-697,641
25,3.5141958473288226,-939,973,672,809,-201,-948,-643,160,-188
25,3.610549274804302,897,975,-56,-335,-334,-949,520,-612,-147
25,3.635431158024459,-981,-666,-176,-621,13,280,22,483,-785
25,4.634981721744323,-869,515,445,-961,918,-342,-647,285,923
26,0.6272699265860651,-983,-298,-276,714,-36,800,842,-830,-797
26,1.3950965040575154,-178,126,115,-649,-798,655,-280,-589,-15
26,1.7726701499262953,-344,458,705,949,-625,181,514,740,21
26,2.4909116903937747,433,-888,629,681,-110,-963,583,723,207
26,2.59018432573462,85,-212,-783,991,821,476,-612,-685,960
26,3.1271317392960043,-977,-66,500,670,-935,672,874,322,915
26,3.5141958473288226,574,872,-733,-211,25,-831,-141,-461,951
26,3.610549274804302,332,380,-922,-927,-908,911,644,417,481
26,3.635431158024459,-395,-263,-367,826,-606,-322,427,-591,-49
26,4.634981721744323,651,482,-973,116,238,633,10,-193,200
27,0.6272699265860651,378,-638,178,139,208,792,290,97,-543
27,1.3950965040575154,84,204,671,442,-261,-328,78,-915,529
27,1.7726701499262953,788,143,458,27,561,345,-441,624,-587
27,2.4909116903937747,-933,-37,345,-67,-138,-78,784,589,-696
27,2.59018432573462,404,-269,-564,-820,-736,-384,-877,330,701
27,3.1271317392960043,-520,-889,921,596,135,912,-187,-26,-101
27,3.5141958473288226,-579,696,-440,-970,-250,895,488,-193,407
27,3.610549274804302,372,655,-25,303,-494,180,409,491,696
27,3.635431158024459,553,-572,-661,-713,-250,-391,860,-741,-679
27,4.634981721744323,-756,-202,312,953,769,803,-692,-753,353
28,0.6272699265860651,911,-443,942,727,575,916,471,60,320
28,1.3950965040575154,153,788,-222,-767,-312,912,702,734,888
28,1.7726701499262953,967,-70,-350,605,-262,859,158,594,131
28,2.4909116903937747,131,-548,-927,-551,-792,10,-398,19,337
28,2.59018432573462,287,469,204,19,265,-838,785,762,-392
28,3.1271317392960043,-774,-858,-867,214,-868,-433,-576,307,-413
28,3.5141958473288226,-385,847,-804,-5,374,-8,-684,-705,-578
28,3.610549274804302,-674,-976,467,280,-631,-102,-522,531,-962
28,3.635431158024459,746,-991,-400,-529,322,-118,-992,552,-682
28,4.634981721744323,935,347,-583,618,-514,75,563,574,-199
29,0.6272699265860651,908,139,-421,-222,-99,-317,-238,992,564
29,1.3950965040575154,512,-607,299,-114,606,660,608,503,910
29,1.7726701499262953,-339,911,-294,-710,582,-168,121,307,156
29,2.4909116903937747,-656,-50,340,-483,650,-122,-533,503,-96
29,2.59018432573462,367,663,-323,478,275,561,147,789,-346
29,3.1271317392960043,995,-5,960,685,604,-399,-637,-223,-697
29,3.5141958473288226,934,-296,45,-559,308,626,627,698,-361
29,3.610549274804302,560,-893,-699,972,-522,908,86,844,874
29,3.635431158024459,-578,836,971,668,114,206,-814,174,-118
29,4.634981721744323,721,866,-88,-297,-487,575,-266,549,-411
30,0.6272699265860651,54,710,253,-54,720,-817,-179,213,647
30,1.3950965040575154,-861,-630,-848,-140,-421,976,939,-129,179
30,1.7726701499262953,647,-995,431,-656,-142,-421,991,-215,648
30,2.4909116903937747,6,-507,957,605,716,23,-12,-742,633
30,2.59018432573462,367,-335,-313,-298,-23,-533,546,323,-205
30,3.1271317392960043,-328,435,-65,-365,-125,913,151,130,715
30,3.5141958473288226,-358,385,315,-214,420,-592,-96,-172,580
30,3.610549274804302,-433,-685,-978,994,7,-489,-859,-905,4
30,3.635431158024459,758,-454,823,939,-523,916,-855,453,-737
30,4.634981721744323,44,-876,-944,626,-722,-465,-518,-292,383
31,0.6272699265860651,-504,979,522,7,-516,-934,-449,-367,-151
31,1.3950965040575154,641,-656,-311,518,-851,264,-799,785,-953
31,1.7726701499262953,-430,84,788,979,-437,975,-522,-748,-161
31,2.4909116903937747,-783,429,609,35,-985,-72,-240,-658,-787
31,2.59018432573462,-173,-651,-982,384,996,876,474,-135,-428
31,3.1271317392960043,865,-969,595,598,893,-778,-577,-313,326
31,3.5141958473288226,972,766,-682,-480,838,-882,-425,762,695
31,3.610549274804302,-274,-550,-325,-797,-785,512,177,-974,-41
31,3.635431158024459,700,-483,438,423,937,582,-817,-776,32
31,4.634981721744323,97,986,998,-946,263,888,710,-732,-475
32,0.6272699265860651,-141,-950,-569,-449,-475,338,-862,-596,-325
32,1.3950965040575154,-71,-402,-909,651,440,927,-970,600,981
32,1.7726701499262953,821,-515,-506,964,495,738,-285,-475,-182
32,2.4909116903937747,-929,-95,610,274,-645,-632,770,127,826
32,2.59018432573462,-522,415,555,-879,110,-741,-358,-111,241
32,3.1271317392960043,21,-564,-252,70,-664,-132,-831,27,61
32,3.5141958473288226,537,-212,-608,-486,-267,-644,-453,-289,-188
32,3.610549274804302,-193,143,-790,313,-625,-658,847,187,-674
32,3.635431158024459,-425,-630,58,365,-470,-73,687,-592,366
32,4.634981721744323,357,926,-317,264,571,-839,-559,217,764
33,0.6272699265860651,158,-694,518,-196,724,-893,-193,501,-776
33,1.3950965040575154,1,-177,852,661,-262,454,269,-556,887
33,1.7726701499262953,157,676,-776,579,633,-369,-454,-84,-47
33,2.4909116903937747,434,-523,-255,-271,-153,-82,628,-612,104
33,2.59018432573462,200,809,944,183,273,165,-637,3,719
33,3.1271317392960043,-614,-96,510,-583,-113,-13,705,519,-609
33,3.5141958473288226,287,790,255,-264,-983,-887,793,978,-920
33,3.610549274804302,-533,-749,-406,-568,69,278,601,267,-829
33,3.635431158024459,-128,-157,909,-930,358,892,192,-481,-970
33,4.634981721744323,766,-9,-320,-882,851,-193,-736,165,-983
34,0.6272699265860651,-454,265,370,904,-701,-255,182,-876,818
34,1.3950965040575154,-526,682,590,853,415,344,-643,255,438
34,1.7726701499262953,322,-895,-314,531,62,-210,693,-780,308
34,2.4909116903937747,597,583,637,-532,-478,118,153,114,106
34,2.59018432573462,606,526,403,-570,-548,903,927,-176,-517
34,3.1271317392960043,-536,33,-965,-912,392,348,433,752,-975
34,3.5141958473288226,-514,-168,-253,729,440,-172,350,601,896
34,3.610549274804302,-224,-197,770,259,-291,816,-594,375,524
34,3.635431158024459,503,554,713,189,-979,624,841,-611,-131
34,4.634981721744323,391,841,14,-259,-267,125,-79,-251,-667
35,0.6272699265860651,-28,966,825,568,166,-717,-987,-259,-591
35,1.3950965040575154,-292,-29,339,-74,157,76,-447,488,-705
35,1.7726701499262953,174,649,697,-608,-888,-382,99,566,406
35,2.4909116903937747,-407,-547,-580,355,-435,917,237,912,783
35,2.59018432573462,856,397,-997,30,-880,-497,-757,-837,-201
35,3.1271317392960043,85,712,191,-43,-362,28,-566,-850,234
35,3.5141958473288226,180,972,-596,762,845,-900,-29,-379,397
35,3.610549274804302,-224,-243,-53,-839,689,-955,535,767,538
35,3.635431158024459,-98,-767,-93,-469,-18,-673,199,-237,688
35,4.634981721744323,-501,183,-658,362,-612,61,-833,604,843
36,0.6272699265860651,809,889,-19,-503,509,-913,-205,-312,655
36,1.3950965040575154,839,847,-385,204,665,-110,-685,-384,-799
36,1.7726701499262953,-803,467,901,656,314,562,451,-780,-193
36,2.4909116903937747,-316,-599,-223,-576,-582,-854,-310,556,-814
36,2.59018432573462,-230,995,-71,711,-303,221,-333,279,799
36,3.1271317392960043,587,-195,766,492,315,941,-375,-239,736
36,3.5141958473288226,695,-681,174,-503,416,338,323,239,-537
36,3.610549274804302,191,886,293,919,-954,-349,214,107,-770
36,3.635431158024459,520,294,688,546,85,-887,-403,516,294
36,4.634981721744323,163,-656,148,825,-390,355,-764,-705,181
37,0.6272699265860651,-582,52,210,870,-782,-31,-706,-778,298
37,1.3950965040575154,-899,-155,447,-236,-718,-689,-687,841,434
37,1.7726701499262953,-277,216,371,-824,-560,771,847,-951,-96
37,2.4909116903937747,-213,656,835,-641,-902,849,855,387,999
37,2.59018432573462,-722,149,658,-811,661,-944,214,781,-850
37,3.1271317392960043,739,926,-23,823,52,-914,79,-514,-668
37,3.5141958473288226,776,-457,-388,-733,214,-981,-390,929,-504
37,3.610549274804302,-516,881,-966,-376,-366,-810,-733,-39,-109
37,3.635431158024459,-973,210,12,304,112,538,-850,644,-282
37,4.634981721744323,529,640,-151,-252,607,191,-989,618,926
38,0.6272699265860651,778,-470,-755,800,-532,-571,272,-66,163
38,1.3950965040575154,-410,122,-810,-548,259,-177,106,216,-870
38,1.7726701499262953,271,540,580,981,942,297,-393,-879,21
38,2.4909116903937747,-444,839,-201,205,-670,-174,964,-343,813
38,2.59018432573462,-555,-134,-841,-200,186,427,649,994,-91
38,3.1271317392960043,844,-575,663,-480,229,-255,-258,20,911
38,3.5141958473288226,457,-502,-992,655,-540,730,264,321,-159
38,3.610549274804302,757,-746,-642,-660,-993,727,401,591,-573
38,3.635431158024459,-423,-766,145,-572,-71,593,-921,-224,-542
38,4.634981721744323,-729,862,555,790,-188,812,-252,732,-72
39,0.6272699265860651,-286,976,-849,421,484,-114,-5,-105,519
39,1.3950965040575154,-928,-763,-1,-542,-964,3,-869,-443,-963
39,1.7726701499262953,26,-643,257,-917,-827,662,738,695,91
39,2.4909116903937747,846,-94,-303,-246,214,-187,-73,605,465
39,2.59018432573462,472,-153,-860,-84,735,-879,781,-776,163
39,3.1271317392960043,988,-22,-354,-681,0,400,268,-98,-73
39,3.5141958473288226,-924,-327,-709,-433,297,399,-583,384,-111
39,3.610549274804302,515,982,400,-447,225,-767,-658,437,946
39,3.635431158024459,297,-812,967,-134,556,-802,-260,823,288
39,4.634981721744323,-675,53,-519,-550,-777,-580,963,870,653
40,0.6272699265860651,294,779,909,-952,121,373,-683,705,-497
40,1.3950965040575154,589,116,-253,198,422,-451,969,172,-553
40,1.7726701499262953,740,53,542,895,666,-134,304,-63,319
40,2.4909116903937747,118,-607,531,-103,-141,-334,554,156,-251
40,2.59018432573462,-744,215,401,585,534,800,-902,177,313
40,3.1271317392960043,925,-878,935,355,-654,740,-168,352,-757
40,3.5141958473288226,191,942,-187,-199,567,991,-741,619,958
40,3.610549274804302,788,-180,-198,561,-509,314,92,-657,-804
40,3.635431158024459,915,724,536,232,-159,783,125,-571,951
40,4.634981721744323,421,-818,629,-148,-402,805,606,-941,852
41,0.6272699265860651,11,997,855,-803,576,345,-610,-938,662
41,1.3950965040575154,454,689,460,-157,-45,-529,-911,-257,-614
41,1.7726701499262953,-768,181,81,950,-500,635,540,-268,-961
41,2.4909116903937747,832,990,-45,551,-761,847,247,189,226
41,2.59018432573462,677,-736,611,998,-685,659,-203,-92,917
41,3.1271317392960043,-839,-724,-598,-864,916,306,-850,579,965
41,3.5141958473288226,985,302,590,359,-774,-98,29,-928,-204
41,3.610549274804302,194,-166,970,-645,850,-450,154,-516,554
41,3.635431158024459,-418,-825,528,286,906,979,552,-859,-289
41,4.634981721744323,-472,327,11,-249,-725,-361,-411,908,-534
42,0.6272699265860651,91,-701,-340,326,443,-850,515,962,97
42,1.3950965040575154,708,683,-958,-682,14,21,877,-250,-198
42,1.7726701499262953,780,286,153,293,732,57,-170,928,219
42,2.4909116903937747,711,239,132,-203,136,183,-593,-919,-234
42,2.59018432573462,84,175,41,-893,95,453,478,254,958
42,3.1271317392960043,-242,-333,64,-582,650,-348,-578,-630,995
42,3.5141958473288226,558,649,312,-977,-266,666,503,238,628
42,3.610549274804302,142,107,935,-362,332,-154,-460,34,521
42,3.635431158024459,616,561,-316,729,-245,932,-966,-998,-764
42,4.634981721744323,-10,425,851,6,581,-724,629,-677,-540
43,0.6272699265860651,-334,162,-962,-221,-901,351,-730,592,554
43,1.3950965040575154,-472,-211,-304,-462,728,112,629,994,-47
43,1.7726701499262953,-967,447,-713,894,566,46,-725,134,919
43,2.4909116903937747,-15,-664,-136,-48,525,479,123,452,-616
43,2.59018432573462,-33,-357,689,334,741,758,258,-771,-247
43,3.1271317392960043,920,-849,445,-865,10,-68,483,-714,462
43,3.5141958473288226,-712,-597,-341,626,437,140,588,-855,543
43,3.610549274804302,-543,-532,-318,868,-841,634,-101,540,-411
43,3.635431158024459,445,-630,-188,-940,120,-134,-875,545,-708
43,4.634981721744323,982,848,-988,69,945,387,-892,317,-241
44,0.6272699265860651,-833,850,-271,811,-301,-519,-894,316,729
44,1.3950965040575154,296,-410,-575,679,-323,-752,-772,719,703
44,1.7726701499262953,824,137,325,801,-718,-526,882,-598,-172
44,2.4909116903937747,935,-560,-795,-618,-866,227,101,823,-548
44,2.59018432573462,922,-22,-744,-969,-220,-275,88,761,-1000
44,3.1271317392960043,-749,179,515,-520,909,-652,161,-826,-795
44,3.5141958473288226,350,-326,391,721,695,-401,-107,583,66
44,3.610549274804302,-197,391,770,-125,206,400,287,-562,572
44,3.635431158024459,-85,-97,770,-549,-230,-675,-913,870,-948
44,4.634981721744323,659,-720,784,357,-283,-909,566,556,172
45,0.6272699265860651,874,-320,980,-7,-840,266,734,492,-934
45,1.3950965040575154,641,-313,494,279,-616,-676,305,-609,678
45,1.7726701499262953,514,85,-58,315,241,74,965,-107,-87
45,2.4909116903937747,720,845,114,382,-953,180,-58,20,905
45,2.59018432573462,-374,-34,610,-723,-969,106,-56,350,151
45,3.1271317392960043,611,396,695,-836,96,-530,-340,924,-770
45,3.5141958473288226,767,-25,-220,-749,-46,923,-908,175,-416
45,3.610549274804302,67,-509,-521,103,131,-293,91,-406,-133
45,3.635431158024459,-155,-13,575,-252,-470,-527,397,-23,510
45,4.634981721744323,802,361,-517,859,-207,-284,505,491,-530
46,0.6272699265860651,-676,-155,602,-460,-696,-735,-468,61,-200
46,1.3950965040575154,576,-914,671,71,20,214,-999,-811,545
46,1.7726701499262953,-260,-58,307,482,473,564,-991,-354,885
46,2.4909116903937747,99,-720,-67,-34,-868,-539,40,320,9
46,2.59018432573462,124,267,-13,619,-272,477,6,-583,388
46,3.1271317392960043,794,-471,224,175,-990,499,233,-498,828
46,3.5141958473288226,289,-421,-859,692,254,777,328,-924,-579
46,3.610549274804302,-588,597,-881,582,-55,-93,590,-908,-261
46,3.635431158024459,-78,-328,-277,245,852,-809,-534,-892,-440
46,4.634981721744323,-294,982,-583,-517,32,896,-516,-59,389
47,0.6272699265860651,-842,-673,926,-666,-758,-830,-706,-861,-899
47,1.3950965040575154,-933,936,-588,-237,-208,596,-919,270,794
47,1.7726701499262953,-473,646,-218,-186,-837,873,92,-133,-23
47,2.4909116903937747,-989,-178,808,552,889,799,131,-999,476
47,2.59018432573462,8,-548,-555,443,473,799,-661,591,210
47,3.1271317392960043,-431,-626,-834,-703,689,-249,81,484,-458
47,3.5141958473288226,668,206,380,972,338,339,-260,-543,-964
47,3.610549274804302,-136,166,894,848,964,874,-829,-248,583
47,3.635431158024459,-889,-988,178,348,-662,99,936,-93,-537
47,4.634981721744323,-651,-6,447,-730,948,719,536,821,27
48,0.6272699265860651,-575,261,657,-452,541,59,-814,-661,905
48,1.3950965040575154,-588,463,-843,856,-509,-602,519,929,391
48,1.7726701499262953,567,511,-148,623,-173,615,-318,-620,-841
48,2.4909116903937747,232,920,-740,-869,973,504,290,-601,-859
48,2.59018432573462,-265,-675,-251,225,-400,655,72,-234,-181
48,3.1271317392960043,-509,-339,-346,927,-578,385,223,686,-926
48,3.5141958473288226,-396,-886,697,-93,607,-69,-602,-581,-110
48,3.610549274804302,677,-775,247,440,-467,-576,548,980,-105
48,3.635431158024459,-865,81,385,-12,471,-107,987,-297,202
48,4.634981721744323,443,81,-124,847,456,-219,-669,676,459
49,0.6272699265860651,-895,378,453,372,916,301,-263,-396,566
49,1.3950965040575154,-851,302,117,-42,573,-399,55,54,678
49,1.7726701499262953,892,699,602,243,-241,106,-863,-632,476
49,2.4909116903937747,-221,998,502,814,585,177,754,-819,-420
49,2.59018432573462,667,-282,-261,-48,692,-641,749,562,737
49,3.1271317392960043,505,757,-811,604,-448,305,-196,-616,-206
49,3.5141958473288226,-511,700,834,-47,-494,237,-733,21,-315
49,3.610549274804302,-729,-162,630,495,701,-61,-894,888,387
49,3.635431158024459,-310,-672,-355,-725,-576,-313,-379,-733,238
49,4.634981721744323,396,-548,46,-720,-230,-720,860,-320,-897
50,0.6272699265860651,-661,598,660,833,-163,-736,-54,786,-292
50,1.3950965040575154,661,636,-962,10,-805,734,585,-442,30
50,1.7726701499262953,72,-402,-552,123,117,-450,-703,-419,235
50,2.4909116903937747,67,-571,64,128,-462,-824,551,-314,689
50,2.59018432573462,936,392,779,346,-775,83,751,321,585
50,3.1271317392960043,0,473,436,692,8,157,615,16,506
50,3.5141958473288226,468,782,-915,25,-981,-281,157,-94,568
50,3.610549274804302,-366,998,-535,138,703,253,-333,-639,864
50,3.635431158024459,277,920,264,-61,534,-575,959,-844,904
50,4.634981721744323,-586,-397,-752,-8,388,-411,109,-628,120
51,0.6272699265860651,366,-342,895,-181,915,947,-208,-338,-882
51,1.3950965040575154,-213,-62,760,344,-441,679,-409,433,-151
51,1.7726701499262953,734,651,-446,563,-718,124,-624,682,33
51,2.4909116903937747,596,-516,-953,913,-592,-883,754,93,-521
51,2.59018432573462,414,156,742,-510,259,144,380,-609,428
51,3.1271317392960043,-815,262,-41,-464,946,-100,-269,579,-445
51,3.5141958473288226,381,216,-268,686,28,403,-137,559,331
51,3.610549274804302,-717,-173,50,912,271,-449,463,454,-991
51,3.635431158024459,-262,203,269,-990,-268,-741,-765,-764,-209
51,4.634981721744323,-289,387,39,452,868,-889,-589,-476,-92
52,0.6272699265860651,-758,727,874,257,45,-163,-295,222,-714
52,1.3950965040575154,224,38,-794,976,-529,-162,-131,15,803
52,1.7726701499262953,794,-681,-882,-615,859,264,619,-172,-890
52,2.4909116903937747,486,175,-211,-256,-293,906,374,941,-531
52,2.59018432573462,-673,-378,310,218,645,-72,125,-849,190
52,3.1271317392960043,-718,-545,-623,-717,970,454,-993,-578,-915
52,3.5141958473288226,-748,40,217,393,-308,206,118,571,-469
52,3.610549274804302,-961,403,495,512,-510,-107,461,366,-605
52,3.635431158024459,770,-397,919,-617,-434,318,571,246,76
52,4.634981721744323,-421,-265,-163,-69,-68,-67,936,-977,-374
53,0.6272699265860651,-85,-903,-750,384,941,-635,353,204,-413
53,1.3950965040575154,-726,-203,-570,790,605,345,-373,559,-874
53,1.7726701499262953,-143,-62,502,-988,-626,111,986,744,389
53,2.4909116903937747,147,-19,674,102,-37,-822,-771,-275,312
53,2.59018432573462,-207,-707,444,-684,632,-293,153,-552,82
53,3.1271317392960043,-226,783,810,-366,-93,257,511,-69,525
53,3.5141958473288226,378,-256,269,315,-797,35,-94,-575,247
53,3.610549274804302,-866,314,815,-568,-957,788,-262,-355,-895
53,3.635431158024459,-144,-176,575,-994,386,-985,-830,868,-528
53,4.634981721744323,107,286,-504,394,131,252,-840,22,-728
54,0.6272699265860651,120,178,418,-996,-692,142,971,634,504
54,1.3950965040575154,-478,360,-463,-730,154,-135,-556,-65,-164
54,1.7726701499262953,769,806,-426,-260,-200,388,-917,365,42
54,2.4909116903937747,538,1,853,-300,-111,-175,301,699,899
54,2.59018432573462,332,-56,149,228,-40,-848,514,885,-696
54,3.1271317392960043,-336,911,718,-453,-748,871,505,-728,-7
54,3.5141958473288226,931,-244,-675,467,89,-876,367,81,278
54,3.610549274804302,-851,-681,939,732,-398,-310,-314,255,909
54,3.635431158024459,129,597,-186,-141,-222,-62,141,-834,-553
54,4.634981721744323,-954,428,328,-604,471,-250,566,430,-479
55,0.6272699265860651,652,117,-40,98,-1000,425,-925,457,-462
55,1.3950965040575154,-237,302,-458,742,419,932,-636,494,-985
55,1.7726701499262953,-8,-463,-975,316,-411,-716,-266,-723,-680
55,2.4909116903937747,-146,-359,578,122,-275,-835,610,678,-902
55,2.59018432573462,760,900,135,559,956,-954,754,927,116
55,3.1271317392960043,-586,-719,804,245,-396,734,528,262,-118
55,3.5141958473288226,-441,150,-445,69,727,573,-247,109,-393
55,3.610549274804302,820,147,-917,-696,-902,-926,-947,-989,21
55,3.635431158024459,-740,725,340,-530,-454,731,921,-371,172
55,4.634981721744323,62,-13,-223,-251,658,-612,-974,866,130
56,0.6272699265860651,-162,-409,536,-294,73,442,664,280,647
56,1.3950965040575154,749,306,384,-152,-841,-679,600,-931,83
56,1.7726701499262953,-386,-644,-416,-95,-831,-380,-308,-714,559
56,2.4909116903937747,775,62,-930,-52,766,375,67,509,398
56,2.59018432573462,-152,-805,83,961,960,-645,-384,-347,-291
56,3.1271317392960043,-377,-466,724,-201,-846,167,278,405,318
56,3.5141958473288226,7,-738,191,-600,73,-90,-95,607,-620
56,3.610549274804302,-716,-316,123,-115,-243,64,-787,449,-282
56,3.635431158024459,822,-367,-891,649,127,251,244,159,29
56,4.634981721744323,344,-414,-922,-245,553,914,-860,-790,-49
57,0.6272699265860651,841,-467,294,-570,298,-709,-356,7,-521
57,1.3950965040575154,248,-859,-685,-864,-408,-480,516,-119,-995
57,1.7726701499262953,467,689,991,262,806,-587,581,-531,-696
57,2.4909116903937747,-666,-586,973,182,2,-193,-555,-669,317
57,2.59018432573462,-974,-370,-679,159,-754,-737,-265,21,100
57,3.1271317392960043,-590,-316,-812,963,-515,-635,820,-845,-198
57,3.5141958473288226,266,308,-317,-897,931,352,-908,347,-956
57,3.610549274804302,23,-792,184,637,812,408,44,-160,851
57,3.635431158024459,-909,379,-57,-845,199,-286,-182,-90,751
57,4.634981721744323,-717,-273,218,369,728,422,-103,527,196
58,0.6272699265860651,-627,-162,-734,-517,-880,272,-148,-731,-665
58,1.3950965040575154,-758,628,208,-261,-840,-926,969,501,241
58,1.7726701499262953,122,-278,-463,-715,-41,-493,-902,-430,706
58,2.4909116903937747,-439,49,838,-161,-659,916,310,-785,-699
58,2.59018432573462,526,457,450,-448,-283,-903,-762,-78,500
58,3.1271317392960043,5,-218,463,-116,-726,-407,642,979,641
58,3.5141958473288226,91,17,165,92,-285,55,935,-759,-282
58,3.610549274804302,-582,708,-550,-87,944,517,-437,-961,-413
58,3.635431158024459,-738,-996,843,-527,856,142,541,-108,-978
58,4.634981721744323,-897,770,-284,397,-947,-979,223,-666,-119
59,0.6272699265860651,546,-942,930,447,-760,-123,513,-268,190
59,1.3950965040575154,905,-650,-276,-801,443,-61,836,-425,762
59,1.7726701499262953,-965,733,480,92,-716,-541,-123,-243,499
59,2.4909116903937747,-24,919,693,-144,-921,993,956,674,119
59,2.59018432573462,173,-879,-465,-514,781,341,588,332,-15
59,3.1271317392960043,209,613,986,734,305,832,-486,141,-926
59,3.5141958473288226,-330,-538,-161,892,999,-511,-281,141,938
59,3.610549274804302,-239,877,83,525,979,-18,477,937,-528
59,3.635431158024459,-705,832,792,-54,993,467,136,-276,886
59,4.634981721744323,-608,-330,-154,776,-812,64,-601,-518,569
